Trans. Date,Value Date,Description,Debit/Credit(₦),Balance(₦),Channel,Transaction Reference,Counterparty,,
2025 May 24 17:58:36,24 May 2025,Mobile Data,-450.00,0.00,E-Channel,ZZZZZZZZZZZZZZZ...,First Bank | 7350084399 (John Doe),,
2025 May 24 17:58:41,24 May 2025,OWealth Withdrawal(Transaction Payment),+450.00,450.00,E-Channel,ZZZZZZZZZZZZZZZ...,Opay | 8829156428 (Grace Johnson),,
2025 May 24 17:58:49,24 May 2025,Spend & Save Deposit,-45.00,0.00,E-Channel,ZZZZZZZZZZZZZZZ...,Zenith Bank | 4931882582 (John Doe),,
2025 May 24 17:58:50,24 May 2025,OWealth Withdrawal(Transaction Payment),+45.00,45.00,E-Channel,ZZZZZZZZZZZZZZZ...,Opay | 7849724489 (Chinedu Obi),,
2025 May 24 19:49:21,24 May 2025,Transfer to Person,"-1,250.00",0.00,E-Channel,ZZZZZZZZZZZZZZZ...,Kuda | 1047314919 (John Doe),,
2025 May 24 19:49:25,24 May 2025,OWealth Withdrawal(Transaction Payment),"+1,250.00","1,250.00",E-Channel,ZZZZZZZZZZZZZZZ...,GTBank | 9305248385 (Grace Johnson),,
2025 May 24 19:49:35,24 May 2025,Spend & Save Deposit,-125.00,0.00,E-Channel,ZZZZZZZZZZZZZZZ...,Kuda | 6095834634 (Aisha Bello),,
2025 May 24 19:49:36,24 May 2025,OWealth Withdrawal(Transaction Payment),+125.00,125.00,E-Channel,ZZZZZZZZZZZZZZZ...,First Bank | 4131263767 (Emma Lee),,
2025 May 25 21:10:39,25 May 2025,Mobile Data,-450.00,0.00,E-Channel,ZZZZZZZZZZZZZZZ...,Kuda | 1485263752 (Mary Adebayo),,
2025 May 25 21:10:47,25 May 2025,OWealth Withdrawal(Transaction Payment),+450.00,450.00,E-Channel,ZZZZZZZZZZZZZZZ...,Opay | 5097765573 (David Smith),,
2025 May 25 21:10:50,25 May 2025,OWealth Withdrawal(Transaction Payment),+45.00,45.00,E-Channel,ZZZZZZZZZZZZZZZ...,Fidelity Bank | 8928195350 (David Smith),,
2025 May 25 21:10:50,25 May 2025,Spend & Save Deposit,-45.00,0.00,E-Channel,ZZZZZZZZZZZZZZZ...,Zenith Bank | 3357258676 (Chinedu Obi),,
2025 May 26 10:01:53,26 May 2025,Mobile Data,"-2,000.00",0.00,E-Channel,ZZZZZZZZZZZZZZZ...,Fidelity Bank | 1562473328 (Tunde Ade),,
2025 May 26 10:02:03,26 May 2025,OWealth Withdrawal(Transaction Payment),"+2,000.00","2,000.00",E-Channel,ZZZZZZZZZZZZZZZ...,Kuda | 9902459353 (Emma Lee),,
2025 May 26 10:02:07,26 May 2025,OWealth Withdrawal(Transaction Payment),+200.00,200.00,E-Channel,ZZZZZZZZZZZZZZZ...,Opay | 5050112761 (Grace Johnson),,
2025 May 26 10:02:07,26 May 2025,Spend & Save Deposit,-200.00,0.00,E-Channel,ZZZZZZZZZZZZZZZ...,Opay | 7089105344 (Grace Johnson),,
2025 May 26 14:46:10,26 May 2025,Transfer to Person,"-1,000.00",0.00,E-Channel,ZZZZZZZZZZZZZZZ...,Moniepoint | 7609210893 (Tunde Ade),,
2025 May 26 14:46:16,26 May 2025,OWealth Withdrawal(Transaction Payment),"+1,000.00","1,000.00",E-Channel,ZZZZZZZZZZZZZZZ...,Access Bank | 1871280789 (John Doe),,
2025 May 26 14:46:17,26 May 2025,OWealth Withdrawal(Transaction Payment),+100.00,100.00,E-Channel,ZZZZZZZZZZZZZZZ...,Zenith Bank | 7684321753 (Emma Lee),,
2025 May 26 14:46:17,26 May 2025,Spend & Save Deposit,-100.00,0.00,E-Channel,ZZZZZZZZZZZZZZZ...,Fidelity Bank | 9745745598 (Grace Johnson),,
2025 May 27 07:31:29,27 May 2025,Transfer to Person,-200.00,0.00,E-Channel,ZZZZZZZZZZZZZZZ...,Kuda | 5807845600 (Tunde Ade),,
2025 May 27 07:31:42,27 May 2025,OWealth Withdrawal(Transaction Payment),+200.00,200.00,E-Channel,ZZZZZZZZZZZZZZZ...,Access Bank | 6755189140 (Grace Johnson),,
2025 May 27 07:31:43,27 May 2025,OWealth Withdrawal(Transaction Payment),+20.00,20.00,E-Channel,ZZZZZZZZZZZZZZZ...,Kuda | 3685521171 (Emma Lee),,
2025 May 27 07:31:43,27 May 2025,Spend & Save Deposit,-20.00,0.00,E-Channel,ZZZZZZZZZZZZZZZ...,First Bank | 3939432913 (John Doe),,
2025 May 27 13:18:03,27 May 2025,Transfer to Person,"-1,000.00",0.00,E-Channel,ZZZZZZZZZZZZZZZ...,First Bank | 6583607585 (John Doe),,
2025 May 27 13:18:10,27 May 2025,OWealth Withdrawal(Transaction Payment),"+1,000.00","1,000.00",E-Channel,ZZZZZZZZZZZZZZZ...,Kuda | 3202709648 (Grace Johnson),,
2025 May 27 13:18:11,27 May 2025,Spend & Save Deposit,-100.00,0.00,E-Channel,ZZZZZZZZZZZZZZZ...,First Bank | 6898863606 (Emma Lee),,
2025 May 27 13:18:12,27 May 2025,OWealth Withdrawal(Transaction Payment),+100.00,100.00,E-Channel,ZZZZZZZZZZZZZZZ...,Kuda | 6888246589 (Chinedu Obi),,
2025 May 29 13:12:59,29 May 2025,Mobile Data,-800.00,0.00,E-Channel,ZZZZZZZZZZZZZZZ...,GTBank | 6606574456 (Chinedu Obi),,
2025 May 29 13:13:06,29 May 2025,OWealth Withdrawal(Transaction Payment),+800.00,800.00,E-Channel,ZZZZZZZZZZZZZZZ...,First Bank | 9743387561 (Emma Lee),,
2025 May 30 11:08:24,30 May 2025,Transfer to Person,-100.00,0.00,E-Channel,ZZZZZZZZZZZZZZZ...,Access Bank | 2247301031 (David Smith),,
2025 May 30 11:08:45,30 May 2025,OWealth Withdrawal(Transaction Payment),+100.00,100.00,E-Channel,ZZZZZZZZZZZZZZZ...,GTBank | 8690691054 (Tunde Ade),,
2025 May 30 11:08:47,30 May 2025,Spend & Save Deposit,-10.00,0.00,E-Channel,ZZZZZZZZZZZZZZZ...,Opay | 3607131350 (David Smith),,
2025 May 30 11:08:48,30 May 2025,OWealth Withdrawal(Transaction Payment),+10.00,10.00,E-Channel,ZZZZZZZZZZZZZZZ...,GTBank | 4722779186 (Chinedu Obi),,
2025 May 31 21:15:51,31 May 2025,Mobile Data,-58.50,0.00,E-Channel,ZZZZZZZZZZZZZZZ...,Zenith Bank | 5872692016 (Tunde Ade),,
2025 May 31 21:16:02,31 May 2025,OWealth Withdrawal(Transaction Payment),+58.50,58.50,E-Channel,ZZZZZZZZZZZZZZZ...,GTBank | 8112089133 (Tunde Ade),,
2025 May 31 21:16:04,31 May 2025,OWealth Withdrawal(Transaction Payment),+10.00,10.00,E-Channel,ZZZZZZZZZZZZZZZ...,Kuda | 6046170817 (Emma Lee),,
2025 May 31 21:16:04,31 May 2025,Spend & Save Deposit,-10.00,0.00,E-Channel,ZZZZZZZZZZZZZZZ...,Moniepoint | 9792485991 (Mary Adebayo),,
2025 Jun 06 21:45:34,06 Jun 2025,Transfer to Person,"-25,000.00",0.00,E-Channel,ZZZZZZZZZZZZZZZ...,Opay | 4634518922 (John Doe),,
2025 Jun 06 21:46:38,06 Jun 2025,OWealth Withdrawal(Transaction Payment),"+25,000.00","25,000.00",E-Channel,ZZZZZZZZZZZZZZZ...,Kuda | 6859910922 (Mary Adebayo),,
2025 Jun 06 21:46:39,06 Jun 2025,OWealth Withdrawal(Transaction Payment),"+2,500.00","2,500.00",E-Channel,ZZZZZZZZZZZZZZZ...,Kuda | 9730487250 (John Doe),,
2025 Jun 06 21:46:39,06 Jun 2025,Spend & Save Deposit,"-2,500.00",0.00,E-Channel,ZZZZZZZZZZZZZZZ...,Kuda | 5247948136 (Aisha Bello),,
2025 Jun 08 16:25:18,08 Jun 2025,Transfer to Person,"-2,198.00",0.00,E-Channel,ZZZZZZZZZZZZZZZ...,GTBank | 9226070344 (Grace Johnson),,
2025 Jun 08 16:25:27,08 Jun 2025,OWealth Withdrawal(Transaction Payment),"+2,198.00","2,198.00",E-Channel,ZZZZZZZZZZZZZZZ...,Opay | 7356553484 (Emma Lee),,
2025 Jun 09 06:19:37,09 Jun 2025,Transfer to Person,"-1,500.00",0.00,E-Channel,ZZZZZZZZZZZZZZZ...,First Bank | 9972718379 (Grace Johnson),,
2025 Jun 09 06:19:42,09 Jun 2025,OWealth Withdrawal(Transaction Payment),"+1,500.00","1,500.00",E-Channel,ZZZZZZZZZZZZZZZ...,Moniepoint | 4283650285 (Tunde Ade),,
2025 Jun 09 06:19:44,09 Jun 2025,OWealth Withdrawal(Transaction Payment),+150.00,150.00,E-Channel,ZZZZZZZZZZZZZZZ...,GTBank | 4345362127 (Grace Johnson),,
2025 Jun 09 06:19:44,09 Jun 2025,Spend & Save Deposit,-150.00,0.00,E-Channel,ZZZZZZZZZZZZZZZ...,GTBank | 3688475764 (Aisha Bello),,
2025 Jun 09 06:37:52,09 Jun 2025,Mobile Data,-799.00,0.00,E-Channel,ZZZZZZZZZZZZZZZ...,GTBank | 5499094004 (Grace Johnson),,
2025 Jun 09 06:38:07,09 Jun 2025,OWealth Withdrawal(Transaction Payment),+799.00,799.00,E-Channel,ZZZZZZZZZZZZZZZ...,GTBank | 5290090909 (Chinedu Obi),,
2025 Jun 09 06:38:09,09 Jun 2025,OWealth Withdrawal(Transaction Payment),+80.00,80.00,E-Channel,ZZZZZZZZZZZZZZZ...,Zenith Bank | 5011436371 (Emma Lee),,
2025 Jun 09 06:38:09,09 Jun 2025,Spend & Save Deposit,-80.00,0.00,E-Channel,ZZZZZZZZZZZZZZZ...,Moniepoint | 8707878562 (Grace Johnson),,
2025 Jun 11 08:07:45,11 Jun 2025,Mobile Data,-100.00,0.00,E-Channel,ZZZZZZZZZZZZZZZ...,Access Bank | 1660479002 (Grace Johnson),,
2025 Jun 11 08:07:51,11 Jun 2025,OWealth Withdrawal(Transaction Payment),+100.00,100.00,E-Channel,ZZZZZZZZZZZZZZZ...,Access Bank | 5115446280 (Emma Lee),,
2025 Jun 11 08:07:53,11 Jun 2025,OWealth Withdrawal(Transaction Payment),+10.00,10.00,E-Channel,ZZZZZZZZZZZZZZZ...,Opay | 6921495234 (Chinedu Obi),,
2025 Jun 11 08:07:53,11 Jun 2025,Spend & Save Deposit,-10.00,0.00,E-Channel,ZZZZZZZZZZZZZZZ...,Fidelity Bank | 2843044527 (Chinedu Obi),,
2025 Jun 14 14:02:20,14 Jun 2025,Transfer from IWADE MICROFINANCE BANK LIMITED,"+2,400.00","2,400.00",E-Channel,ZZZZZZZZZZZZZZZ...,Moniepoint | 2217192463 (Grace Johnson),,
2025 Jun 14 14:03:39,14 Jun 2025,Transfer to Person,"-2,400.00",0.00,E-Channel,ZZZZZZZZZZZZZZZ...,Fidelity Bank | 5481289581 (Mary Adebayo),,
2025 Jun 16 07:28:22,16 Jun 2025,Mobile Data,-82.00,0.00,E-Channel,ZZZZZZZZZZZZZZZ...,Opay | 5796682308 (Tunde Ade),,
2025 Jun 16 07:28:31,16 Jun 2025,OWealth Withdrawal(Transaction Payment),+82.00,82.00,E-Channel,ZZZZZZZZZZZZZZZ...,Fidelity Bank | 9390902108 (Grace Johnson),,
2025 Jun 16 07:28:33,16 Jun 2025,OWealth Withdrawal(Transaction Payment),+10.00,10.00,E-Channel,ZZZZZZZZZZZZZZZ...,Opay | 2871447006 (Chinedu Obi),,
2025 Jun 16 07:28:33,16 Jun 2025,Spend & Save Deposit,-10.00,0.00,E-Channel,ZZZZZZZZZZZZZZZ...,Kuda | 6126962877 (Mary Adebayo),,
2025 Jun 16 07:28:45,16 Jun 2025,Mobile Data,-48.00,0.00,E-Channel,ZZZZZZZZZZZZZZZ...,First Bank | 3280851265 (David Smith),,
2025 Jun 16 07:28:57,16 Jun 2025,OWealth Withdrawal(Transaction Payment),+48.00,48.00,E-Channel,ZZZZZZZZZZZZZZZ...,Fidelity Bank | 1042667343 (John Doe),,
2025 Jun 16 07:28:59,16 Jun 2025,OWealth Withdrawal(Transaction Payment),+5.00,5.00,E-Channel,ZZZZZZZZZZZZZZZ...,First Bank | 7439944560 (Emma Lee),,
2025 Jun 16 07:28:59,16 Jun 2025,Spend & Save Deposit,-5.00,0.00,E-Channel,ZZZZZZZZZZZZZZZ...,Access Bank | 2209772032 (Chinedu Obi),,
2025 Jun 26 16:03:40,26 Jun 2025,Transfer from AMASING GRACE NEW,"+2,200.00","2,200.00",E-Channel,ZZZZZZZZZZZZZZZ...,GTBank | 5831440331 (Grace Johnson),,
2025 Jun 26 16:08:38,26 Jun 2025,Mobile Data,"-2,000.00",200.00,E-Channel,ZZZZZZZZZZZZZZZ...,Moniepoint | 8720017084 (David Smith),,
2025 Jun 26 16:08:49,26 Jun 2025,Spend & Save Deposit,-200.00,0.00,E-Channel,ZZZZZZZZZZZZZZZ...,Moniepoint | 6747208238 (Tunde Ade),,
2025 Jun 27 13:13:04,27 Jun 2025,Transfer from DESTINY PAPAYA EDOSA,+500.00,500.00,E-Channel,ZZZZZZZZZZZZZZZ...,Kuda | 4775037413 (Emma Lee),,
2025 Jun 27 13:14:11,27 Jun 2025,Electricity,-500.00,0.00,E-Channel,ZZZZZZZZZZZZZZZ...,Moniepoint | 2449746143 (Grace Johnson),,
2025 Jun 29 20:47:42,29 Jun 2025,Transfer from DESTINY PAPAYA EDOSA,+250.00,250.00,E-Channel,ZZZZZZZZZZZZZZZ...,Opay | 8580359299 (Tunde Ade),,
2025 Jun 29 21:20:22,29 Jun 2025,Auto-save to OWealth Balance,-250.00,0.00,E-Channel,ZZZZZZZZZZZZZZZ...,First Bank | 9099818549 (Chinedu Obi),,
2025 Jul 01 21:00:21,01 Jul 2025,Mobile Data,-315.00,0.00,E-Channel,ZZZZZZZZZZZZZZZ...,Fidelity Bank | 1796502103 (Mary Adebayo),,
2025 Jul 01 21:00:27,01 Jul 2025,OWealth Withdrawal(Transaction Payment),+315.00,315.00,E-Channel,ZZZZZZZZZZZZZZZ...,Moniepoint | 6154869925 (Mary Adebayo),,
2025 Jul 01 21:00:30,01 Jul 2025,OWealth Withdrawal(Transaction Payment),+31.50,31.50,E-Channel,ZZZZZZZZZZZZZZZ...,GTBank | 4868575931 (Chinedu Obi),,
2025 Jul 01 21:00:30,01 Jul 2025,Spend & Save Deposit,-31.50,0.00,E-Channel,ZZZZZZZZZZZZZZZ...,Kuda | 7533137037 (John Doe),,
2025 Jul 02 10:48:52,02 Jul 2025,Transfer from DESTINY PAPAYA EDOSA,+500.00,500.00,E-Channel,ZZZZZZZZZZZZZZZ...,Zenith Bank | 2081561039 (Aisha Bello),,
2025 Jul 02 21:24:43,02 Jul 2025,Auto-save to OWealth Balance,-500.00,0.00,E-Channel,ZZZZZZZZZZZZZZZ...,Opay | 4424842374 (Aisha Bello),,
2025 Jul 03 10:47:06,03 Jul 2025,Mobile Data,-264.55,0.00,E-Channel,ZZZZZZZZZZZZZZZ...,Opay | 8579724101 (David Smith),,
2025 Jul 03 10:47:17,03 Jul 2025,OWealth Withdrawal(Transaction Payment),+264.55,264.55,E-Channel,ZZZZZZZZZZZZZZZ...,Fidelity Bank | 8533699469 (Mary Adebayo),,
2025 Jul 03 10:47:20,03 Jul 2025,OWealth Withdrawal(Transaction Payment),+31.50,31.50,E-Channel,ZZZZZZZZZZZZZZZ...,Opay | 5298503895 (John Doe),,
2025 Jul 03 10:47:20,03 Jul 2025,Spend & Save Deposit,-31.50,0.00,E-Channel,ZZZZZZZZZZZZZZZ...,Access Bank | 7387659068 (David Smith),,
2025 Jul 03 10:47:27,03 Jul 2025,Mobile Data,-308.70,0.00,E-Channel,ZZZZZZZZZZZZZZZ...,Moniepoint | 8989546185 (Aisha Bello),,
2025 Jul 03 10:47:43,03 Jul 2025,OWealth Withdrawal(Transaction Payment),+308.70,308.70,E-Channel,ZZZZZZZZZZZZZZZ...,Opay | 1674860403 (Tunde Ade),,
2025 Jul 05 07:29:30,05 Jul 2025,Transfer from DESTINY PAPAYA EDOSA,"+1,000.00","1,000.00",E-Channel,ZZZZZZZZZZZZZZZ...,First Bank | 5403040267 (John Doe),,
2025 Jul 05 15:08:34,05 Jul 2025,Mobile Data,-810.00,190.00,E-Channel,ZZZZZZZZZZZZZZZ...,Access Bank | 9850412432 (Chinedu Obi),,
2025 Jul 05 15:08:41,05 Jul 2025,Spend & Save Deposit,-81.00,109.00,E-Channel,ZZZZZZZZZZZZZZZ...,Opay | 4399217829 (Chinedu Obi),,
2025 Jul 05 21:27:09,05 Jul 2025,Auto-save to OWealth Balance,-109.00,0.00,E-Channel,ZZZZZZZZZZZZZZZ...,Moniepoint | 1417405831 (John Doe),,
2025 Jul 06 11:30:45,06 Jul 2025,Airtime,-50.00,0.00,E-Channel,ZZZZZZZZZZZZZZZ...,Zenith Bank | 1480552986 (Aisha Bello),,
2025 Jul 06 11:30:55,06 Jul 2025,OWealth Withdrawal(Transaction Payment),+50.00,50.00,E-Channel,ZZZZZZZZZZZZZZZ...,GTBank | 5531795690 (Tunde Ade),,
2025 Jul 06 11:30:57,06 Jul 2025,OWealth Withdrawal(Transaction Payment),+5.00,5.00,E-Channel,ZZZZZZZZZZZZZZZ...,First Bank | 7534573722 (Grace Johnson),,
2025 Jul 06 11:30:57,06 Jul 2025,Spend & Save Deposit,-5.00,0.00,E-Channel,ZZZZZZZZZZZZZZZ...,Opay | 7286460085 (Emma Lee),,
2025 Jul 06 11:32:12,06 Jul 2025,Airtime,-50.00,0.00,E-Channel,ZZZZZZZZZZZZZZZ...,Access Bank | 2547886047 (Chinedu Obi),,
2025 Jul 06 11:32:18,06 Jul 2025,OWealth Withdrawal(Transaction Payment),+50.00,50.00,E-Channel,ZZZZZZZZZZZZZZZ...,Access Bank | 2305602631 (Aisha Bello),,
2025 Jul 06 11:32:20,06 Jul 2025,OWealth Withdrawal(Transaction Payment),+5.00,5.00,E-Channel,ZZZZZZZZZZZZZZZ...,Opay | 8145776841 (Emma Lee),,
2025 Jul 06 11:32:20,06 Jul 2025,Spend & Save Deposit,-5.00,0.00,E-Channel,ZZZZZZZZZZZZZZZ...,First Bank | 6703989457 (Aisha Bello),,
2025 Jul 06 11:39:06,06 Jul 2025,Airtime,-50.00,0.00,E-Channel,ZZZZZZZZZZZZZZZ...,Access Bank | 7407804059 (Mary Adebayo),,
2025 Jul 06 11:39:13,06 Jul 2025,OWealth Withdrawal(Transaction Payment),+50.00,50.00,E-Channel,ZZZZZZZZZZZZZZZ...,Kuda | 3280943757 (David Smith),,
2025 Jul 06 11:39:15,06 Jul 2025,OWealth Withdrawal(Transaction Payment),+5.00,5.00,E-Channel,ZZZZZZZZZZZZZZZ...,GTBank | 3892078871 (Grace Johnson),,
2025 Jul 06 11:39:15,06 Jul 2025,Spend & Save Deposit,-5.00,0.00,E-Channel,ZZZZZZZZZZZZZZZ...,Opay | 9167089680 (Grace Johnson),,
2025 Jul 06 11:40:01,06 Jul 2025,Transfer from FREGENE TINA OMOYIE,"+7,500.00","7,500.00",E-Channel,ZZZZZZZZZZZZZZZ...,Moniepoint | 9218237959 (Aisha Bello),,
2025 Jul 06 12:11:40,06 Jul 2025,Transfer to Person,-500.00,"7,000.00",E-Channel,ZZZZZZZZZZZZZZZ...,Kuda | 1802779898 (Grace Johnson),,
2025 Jul 06 12:11:46,06 Jul 2025,Spend & Save Deposit,-50.00,"6,950.00",E-Channel,ZZZZZZZZZZZZZZZ...,Fidelity Bank | 4128801391 (David Smith),,
2025 Jul 06 12:12:58,06 Jul 2025,Transfer from TINA OMOYIE FREGENE,+500.00,"7,450.00",E-Channel,ZZZZZZZZZZZZZZZ...,Fidelity Bank | 8706726749 (David Smith),,
2025 Jul 06 12:37:11,06 Jul 2025,Transfer to Person,"-6,800.00",650.00,E-Channel,ZZZZZZZZZZZZZZZ...,Moniepoint | 6902685064 (Aisha Bello),,
2025 Jul 06 12:39:15,06 Jul 2025,Transfer to Person,-200.00,450.00,E-Channel,ZZZZZZZZZZZZZZZ...,Opay | 9705759237 (Aisha Bello),,
2025 Jul 06 12:39:23,06 Jul 2025,Spend & Save Deposit,-20.00,430.00,E-Channel,ZZZZZZZZZZZZZZZ...,Access Bank | 2341836976 (Emma Lee),,
2025 Jul 06 21:24:10,06 Jul 2025,Auto-save to OWealth Balance,-430.00,0.00,E-Channel,ZZZZZZZZZZZZZZZ...,Access Bank | 4175880792 (Aisha Bello),,
2025 Jul 07 20:05:58,07 Jul 2025,Mobile Data,-315.00,0.00,E-Channel,ZZZZZZZZZZZZZZZ...,GTBank | 3448372309 (John Doe),,
2025 Jul 07 20:06:03,07 Jul 2025,OWealth Withdrawal(Transaction Payment),+315.00,315.00,E-Channel,ZZZZZZZZZZZZZZZ...,Zenith Bank | 4875920176 (Mary Adebayo),,
2025 Jul 07 20:06:06,07 Jul 2025,OWealth Withdrawal(Transaction Payment),+31.50,31.50,E-Channel,ZZZZZZZZZZZZZZZ...,Kuda | 2247257733 (Aisha Bello),,
2025 Jul 07 20:06:06,07 Jul 2025,Spend & Save Deposit,-31.50,0.00,E-Channel,ZZZZZZZZZZZZZZZ...,Kuda | 3120791778 (John Doe),,
2025 Jul 07 20:26:19,07 Jul 2025,Transfer from DESTINY PAPAYA EDOSA,+900.00,900.00,E-Channel,ZZZZZZZZZZZZZZZ...,Kuda | 9576310297 (Tunde Ade),,
2025 Jul 07 21:25:14,07 Jul 2025,Auto-save to OWealth Balance,-900.00,0.00,E-Channel,ZZZZZZZZZZZZZZZ...,Zenith Bank | 1057957686 (John Doe),,
2025 Jul 08 09:30:53,08 Jul 2025,Mobile Data,-315.00,0.00,E-Channel,ZZZZZZZZZZZZZZZ...,Kuda | 1175093608 (David Smith),,
2025 Jul 08 09:31:01,08 Jul 2025,OWealth Withdrawal(Transaction Payment),+315.00,315.00,E-Channel,ZZZZZZZZZZZZZZZ...,Opay | 8709072113 (Tunde Ade),,
2025 Jul 08 09:31:04,08 Jul 2025,OWealth Withdrawal(Transaction Payment),+31.50,31.50,E-Channel,ZZZZZZZZZZZZZZZ...,First Bank | 1532151022 (David Smith),,
2025 Jul 08 09:31:04,08 Jul 2025,Spend & Save Deposit,-31.50,0.00,E-Channel,ZZZZZZZZZZZZZZZ...,Access Bank | 7700200956 (Mary Adebayo),,
2025 Jul 08 19:46:23,08 Jul 2025,Transfer from DESTINY PAPAYA EDOSA,+500.00,500.00,E-Channel,ZZZZZZZZZZZZZZZ...,Kuda | 6680358730 (David Smith),,
2025 Jul 08 21:25:30,08 Jul 2025,Auto-save to OWealth Balance,-500.00,0.00,E-Channel,ZZZZZZZZZZZZZZZ...,Fidelity Bank | 7336544952 (Chinedu Obi),,
2025 Jul 09 07:58:10,09 Jul 2025,Mobile Data,-765.90,0.00,E-Channel,ZZZZZZZZZZZZZZZ...,First Bank | 7242679533 (Grace Johnson),,
2025 Jul 09 07:58:24,09 Jul 2025,OWealth Withdrawal(Transaction Payment),+765.90,765.90,E-Channel,ZZZZZZZZZZZZZZZ...,Opay | 4864046170 (Mary Adebayo),,
2025 Jul 09 07:58:27,09 Jul 2025,Spend & Save Deposit,-81.00,0.00,E-Channel,ZZZZZZZZZZZZZZZ...,First Bank | 4748247443 (Aisha Bello),,
2025 Jul 09 07:58:28,09 Jul 2025,OWealth Withdrawal(Transaction Payment),+81.00,81.00,E-Channel,ZZZZZZZZZZZZZZZ...,Opay | 4804115398 (John Doe),,
2025 Jul 09 09:55:47,09 Jul 2025,Airtime,-483.80,0.00,E-Channel,ZZZZZZZZZZZZZZZ...,Opay | 2145147988 (Grace Johnson),,
2025 Jul 09 09:56:06,09 Jul 2025,OWealth Withdrawal(Transaction Payment),+483.80,483.80,E-Channel,ZZZZZZZZZZZZZZZ...,Kuda | 9742148541 (Emma Lee),,
2025 Jul 09 09:56:08,09 Jul 2025,Spend & Save Deposit,-50.00,0.00,E-Channel,ZZZZZZZZZZZZZZZ...,Access Bank | 1387049761 (Tunde Ade),,
2025 Jul 09 09:56:09,09 Jul 2025,OWealth Withdrawal(Transaction Payment),+50.00,50.00,E-Channel,ZZZZZZZZZZZZZZZ...,Access Bank | 9099209473 (David Smith),,
2025 Jul 11 06:24:25,11 Jul 2025,Transfer from Ferago Wine Store,"+1,000.00","1,000.00",E-Channel,ZZZZZZZZZZZZZZZ...,Fidelity Bank | 3177038193 (Emma Lee),,
2025 Jul 11 12:10:49,11 Jul 2025,Mobile Data,-988.00,12.00,E-Channel,ZZZZZZZZZZZZZZZ...,Moniepoint | 1739679092 (Aisha Bello),,
2025 Jul 11 12:12:30,11 Jul 2025,Airtime,-90.02,0.00,E-Channel,ZZZZZZZZZZZZZZZ...,Opay | 6223107176 (David Smith),,
2025 Jul 11 12:12:44,11 Jul 2025,OWealth Withdrawal(Transaction Payment),+78.02,90.02,E-Channel,ZZZZZZZZZZZZZZZ...,GTBank | 2759754994 (Chinedu Obi),,
2025 Jul 11 12:12:45,11 Jul 2025,Spend & Save Deposit,-10.00,0.00,E-Channel,ZZZZZZZZZZZZZZZ...,Zenith Bank | 5399342777 (Grace Johnson),,
2025 Jul 11 12:12:46,11 Jul 2025,OWealth Withdrawal(Transaction Payment),+10.00,10.00,E-Channel,ZZZZZZZZZZZZZZZ...,Fidelity Bank | 1202249235 (John Doe),,
2025 Jul 11 14:27:08,11 Jul 2025,Transfer from GODGIFT ONYI ENTERPRISE - UDEH GIFT 3,"+20,500.00","20,500.00",E-Channel,ZZZZZZZZZZZZZZZ...,Kuda | 1620701411 (Mary Adebayo),,
2025 Jul 11 14:27:09,11 Jul 2025,Electronic Money Transfer Levy,-50.00,"20,450.00",E-Channel,ZZZZZZZZZZZZZZZ...,Access Bank | 2429264549 (Mary Adebayo),,
2025 Jul 11 14:31:40,11 Jul 2025,Transfer from ABUMERECHRISTIANA ENTERPRISE - ONOSE ENTERPRISE1,"+45,000.00","65,450.00",E-Channel,ZZZZZZZZZZZZZZZ...,GTBank | 1447881821 (Tunde Ade),,
2025 Jul 11 14:31:42,11 Jul 2025,Electronic Money Transfer Levy,-50.00,"65,400.00",E-Channel,ZZZZZZZZZZZZZZZ...,First Bank | 7421988957 (Emma Lee),,
2025 Jul 11 14:34:20,11 Jul 2025,Transfer to Person,"-51,500.00","13,900.00",E-Channel,ZZZZZZZZZZZZZZZ...,Access Bank | 5360548925 (Mary Adebayo),,
2025 Jul 11 14:34:29,11 Jul 2025,Spend & Save Deposit,"-5,150.00","8,750.00",E-Channel,ZZZZZZZZZZZZZZZ...,Opay | 6497975539 (Emma Lee),,
2025 Jul 11 14:53:57,11 Jul 2025,Transfer to Person,"-1,750.00","7,000.00",E-Channel,ZZZZZZZZZZZZZZZ...,Zenith Bank | 3617688132 (Mary Adebayo),,
2025 Jul 11 14:54:04,11 Jul 2025,Spend & Save Deposit,-175.00,"6,825.00",E-Channel,ZZZZZZZZZZZZZZZ...,Zenith Bank | 6639150354 (David Smith),,
2025 Jul 11 15:23:12,11 Jul 2025,Transfer from ABUMERECHRISTIANA ENTERPRISE - ONOSE ENTERPRISE1,"+50,000.00","56,825.00",E-Channel,ZZZZZZZZZZZZZZZ...,First Bank | 9424337061 (Chinedu Obi),,
2025 Jul 11 15:23:14,11 Jul 2025,Electronic Money Transfer Levy,-50.00,"56,775.00",E-Channel,ZZZZZZZZZZZZZZZ...,Opay | 9430854516 (Mary Adebayo),,
2025 Jul 11 15:24:12,11 Jul 2025,Transfer to Person,"-51,000.00","5,775.00",E-Channel,ZZZZZZZZZZZZZZZ...,First Bank | 2415893565 (Mary Adebayo),,
2025 Jul 11 15:24:19,11 Jul 2025,Spend & Save Deposit,"-5,100.00",675.00,E-Channel,ZZZZZZZZZZZZZZZ...,Access Bank | 1058567471 (Chinedu Obi),,
2025 Jul 11 19:57:06,11 Jul 2025,Transfer to Person,"-1,000.00",0.00,E-Channel,ZZZZZZZZZZZZZZZ...,Moniepoint | 2089112747 (Chinedu Obi),,
2025 Jul 11 19:57:21,11 Jul 2025,OWealth Withdrawal(Transaction Payment),+325.00,"1,000.00",E-Channel,ZZZZZZZZZZZZZZZ...,Opay | 7969158776 (John Doe),,
2025 Jul 11 19:57:26,11 Jul 2025,OWealth Withdrawal(Transaction Payment),+100.00,100.00,E-Channel,ZZZZZZZZZZZZZZZ...,Access Bank | 8253652817 (Chinedu Obi),,
2025 Jul 11 19:57:26,11 Jul 2025,Spend & Save Deposit,-100.00,0.00,E-Channel,ZZZZZZZZZZZZZZZ...,GTBank | 6469810806 (Grace Johnson),,
2025 Jul 12 07:07:53,12 Jul 2025,Transfer from DESTINY PAPAYA EDOSA,+500.00,500.00,E-Channel,ZZZZZZZZZZZZZZZ...,Access Bank | 4958579865 (Aisha Bello),,
2025 Jul 12 15:02:04,12 Jul 2025,Transfer to Person,"-8,000.00",0.00,E-Channel,ZZZZZZZZZZZZZZZ...,Zenith Bank | 1601838336 (Tunde Ade),,
2025 Jul 12 15:02:11,12 Jul 2025,OWealth Withdrawal(Transaction Payment),"+7,500.00","8,000.00",E-Channel,ZZZZZZZZZZZZZZZ...,Fidelity Bank | 5576273233 (Aisha Bello),,
2025 Jul 12 15:02:12,12 Jul 2025,OWealth Withdrawal(Transaction Payment),+800.00,800.00,E-Channel,ZZZZZZZZZZZZZZZ...,First Bank | 9992589020 (Emma Lee),,
2025 Jul 12 15:02:12,12 Jul 2025,Spend & Save Deposit,-800.00,0.00,E-Channel,ZZZZZZZZZZZZZZZ...,Moniepoint | 3047915760 (Tunde Ade),,
2025 Jul 12 20:05:01,12 Jul 2025,Transfer to Person,-500.00,0.00,E-Channel,ZZZZZZZZZZZZZZZ...,Kuda | 9717921140 (Tunde Ade),,
2025 Jul 12 20:05:07,12 Jul 2025,OWealth Withdrawal(Transaction Payment),+500.00,500.00,E-Channel,ZZZZZZZZZZZZZZZ...,Zenith Bank | 6032331765 (Aisha Bello),,
2025 Jul 12 20:05:08,12 Jul 2025,Spend & Save Deposit,-50.00,0.00,E-Channel,ZZZZZZZZZZZZZZZ...,Access Bank | 2629612393 (John Doe),,
2025 Jul 12 20:05:09,12 Jul 2025,OWealth Withdrawal(Transaction Payment),+50.00,50.00,E-Channel,ZZZZZZZZZZZZZZZ...,Fidelity Bank | 5116395545 (John Doe),,
2025 Jul 14 08:06:20,14 Jul 2025,Airtime,-100.00,0.00,E-Channel,ZZZZZZZZZZZZZZZ...,Fidelity Bank | 5780827374 (David Smith),,
2025 Jul 14 08:06:25,14 Jul 2025,OWealth Withdrawal(Transaction Payment),+100.00,100.00,E-Channel,ZZZZZZZZZZZZZZZ...,Moniepoint | 7008823987 (David Smith),,
2025 Jul 14 08:06:27,14 Jul 2025,OWealth Withdrawal(Transaction Payment),+10.00,10.00,E-Channel,ZZZZZZZZZZZZZZZ...,Moniepoint | 1258992662 (Mary Adebayo),,
2025 Jul 14 08:06:27,14 Jul 2025,Spend & Save Deposit,-10.00,0.00,E-Channel,ZZZZZZZZZZZZZZZ...,First Bank | 5405817612 (Grace Johnson),,
2025 Jul 14 17:07:48,14 Jul 2025,Mobile Data,-998.00,0.00,E-Channel,ZZZZZZZZZZZZZZZ...,Fidelity Bank | 8674840035 (Chinedu Obi),,
2025 Jul 14 17:07:58,14 Jul 2025,OWealth Withdrawal(Transaction Payment),+998.00,998.00,E-Channel,ZZZZZZZZZZZZZZZ...,First Bank | 9855945219 (Emma Lee),,
2025 Jul 14 17:08:01,14 Jul 2025,OWealth Withdrawal(Transaction Payment),+99.80,99.80,E-Channel,ZZZZZZZZZZZZZZZ...,Fidelity Bank | 7005651496 (Tunde Ade),,
2025 Jul 14 17:08:01,14 Jul 2025,Spend & Save Deposit,-99.80,0.00,E-Channel,ZZZZZZZZZZZZZZZ...,Kuda | 1031232254 (Tunde Ade),,
2025 Jul 14 20:16:43,14 Jul 2025,Transfer from DESTINY PAPAYA EDOSA,"+1,000.00","1,000.00",E-Channel,ZZZZZZZZZZZZZZZ...,Zenith Bank | 3284280532 (Tunde Ade),,
2025 Jul 14 21:27:19,14 Jul 2025,Auto-save to OWealth Balance,"-1,000.00",0.00,E-Channel,ZZZZZZZZZZZZZZZ...,First Bank | 8517653625 (Aisha Bello),,
2025 Jul 15 10:39:14,15 Jul 2025,Transfer to Person,-450.00,0.00,E-Channel,ZZZZZZZZZZZZZZZ...,GTBank | 5307444212 (Aisha Bello),,
2025 Jul 15 10:39:21,15 Jul 2025,OWealth Withdrawal(Transaction Payment),+450.00,450.00,E-Channel,ZZZZZZZZZZZZZZZ...,Access Bank | 9965589076 (Chinedu Obi),,
2025 Jul 15 10:39:23,15 Jul 2025,OWealth Withdrawal(Transaction Payment),+45.00,45.00,E-Channel,ZZZZZZZZZZZZZZZ...,Opay | 6526225478 (David Smith),,
2025 Jul 15 10:39:23,15 Jul 2025,Spend & Save Deposit,-45.00,0.00,E-Channel,ZZZZZZZZZZZZZZZ...,Fidelity Bank | 2004736885 (Mary Adebayo),,
2025 Jul 16 19:36:29,16 Jul 2025,Airtime,-50.00,0.00,E-Channel,ZZZZZZZZZZZZZZZ...,Zenith Bank | 3495874087 (Tunde Ade),,
2025 Jul 16 19:36:42,16 Jul 2025,OWealth Withdrawal(Transaction Payment),+50.00,50.00,E-Channel,ZZZZZZZZZZZZZZZ...,Fidelity Bank | 6737194716 (Mary Adebayo),,
2025 Jul 16 19:36:51,16 Jul 2025,OWealth Withdrawal(Transaction Payment),+5.00,5.00,E-Channel,ZZZZZZZZZZZZZZZ...,Fidelity Bank | 1777018838 (Emma Lee),,
2025 Jul 16 19:36:51,16 Jul 2025,Spend & Save Deposit,-5.00,0.00,E-Channel,ZZZZZZZZZZZZZZZ...,Zenith Bank | 2512076679 (Tunde Ade),,
2025 Jul 16 19:37:38,16 Jul 2025,Transfer from FREGENE TINA OMOYIE,"+2,000.00","2,000.00",E-Channel,ZZZZZZZZZZZZZZZ...,GTBank | 3500098382 (Tunde Ade),,
2025 Jul 16 19:38:02,16 Jul 2025,Electricity,"-2,000.00",0.00,E-Channel,ZZZZZZZZZZZZZZZ...,First Bank | 9931015762 (Emma Lee),,
2025 Jul 16 19:38:21,16 Jul 2025,Spend & Save Deposit,-200.00,0.00,E-Channel,ZZZZZZZZZZZZZZZ...,Fidelity Bank | 9162283634 (John Doe),,
2025 Jul 16 19:38:22,16 Jul 2025,OWealth Withdrawal(Transaction Payment),+200.00,200.00,E-Channel,ZZZZZZZZZZZZZZZ...,Fidelity Bank | 1775050368 (Aisha Bello),,
2025 Jul 17 10:53:57,17 Jul 2025,Mobile Data,-998.00,0.00,E-Channel,ZZZZZZZZZZZZZZZ...,Zenith Bank | 2963567323 (Mary Adebayo),,
2025 Jul 17 10:54:06,17 Jul 2025,OWealth Withdrawal(Transaction Payment),+998.00,998.00,E-Channel,ZZZZZZZZZZZZZZZ...,Moniepoint | 8059963874 (Grace Johnson),,
2025 Jul 17 10:54:08,17 Jul 2025,OWealth Withdrawal(Transaction Payment),+99.80,99.80,E-Channel,ZZZZZZZZZZZZZZZ...,Access Bank | 8766900750 (Grace Johnson),,
2025 Jul 17 10:54:08,17 Jul 2025,Spend & Save Deposit,-99.80,0.00,E-Channel,ZZZZZZZZZZZZZZZ...,Access Bank | 6184393440 (David Smith),,
2025 Jul 17 20:08:02,17 Jul 2025,Mobile Data,-333.00,0.00,E-Channel,ZZZZZZZZZZZZZZZ...,Zenith Bank | 7113794723 (Chinedu Obi),,
2025 Jul 17 20:08:16,17 Jul 2025,OWealth Withdrawal(Transaction Payment),+333.00,333.00,E-Channel,ZZZZZZZZZZZZZZZ...,Moniepoint | 5869167115 (Grace Johnson),,
2025 Jul 17 20:08:19,17 Jul 2025,OWealth Withdrawal(Transaction Payment),+33.30,33.30,E-Channel,ZZZZZZZZZZZZZZZ...,Zenith Bank | 6888282850 (Aisha Bello),,
2025 Jul 17 20:08:19,17 Jul 2025,Spend & Save Deposit,-33.30,0.00,E-Channel,ZZZZZZZZZZZZZZZ...,Moniepoint | 1003617474 (John Doe),,
2025 Jul 20 13:05:50,20 Jul 2025,Mobile Data,-50.00,0.00,E-Channel,ZZZZZZZZZZZZZZZ...,Zenith Bank | 8518604692 (Chinedu Obi),,
2025 Jul 20 13:05:57,20 Jul 2025,OWealth Withdrawal(Transaction Payment),+50.00,50.00,E-Channel,ZZZZZZZZZZZZZZZ...,Kuda | 6003102576 (David Smith),,
2025 Jul 20 13:05:58,20 Jul 2025,Spend & Save Deposit,-5.00,0.00,E-Channel,ZZZZZZZZZZZZZZZ...,Kuda | 1915697577 (Tunde Ade),,
2025 Jul 20 13:05:59,20 Jul 2025,OWealth Withdrawal(Transaction Payment),+5.00,5.00,E-Channel,ZZZZZZZZZZZZZZZ...,Kuda | 2055382053 (Mary Adebayo),,
2025 Jul 20 13:12:02,20 Jul 2025,Transfer from DESTINY PAPAYA EDOSA,+500.00,500.00,E-Channel,ZZZZZZZZZZZZZZZ...,GTBank | 2226380664 (Tunde Ade),,
2025 Jul 20 13:14:11,20 Jul 2025,Mobile Data,-304.21,195.79,E-Channel,ZZZZZZZZZZZZZZZ...,Access Bank | 2848455195 (Aisha Bello),,
2025 Jul 20 13:14:29,20 Jul 2025,Spend & Save Deposit,-33.30,162.49,E-Channel,ZZZZZZZZZZZZZZZ...,GTBank | 6290292208 (Aisha Bello),,
2025 Jul 20 13:14:45,20 Jul 2025,Mobile Data,-333.00,0.00,E-Channel,ZZZZZZZZZZZZZZZ...,Access Bank | 2309168742 (David Smith),,
2025 Jul 20 13:14:54,20 Jul 2025,OWealth Withdrawal(Transaction Payment),+170.51,333.00,E-Channel,ZZZZZZZZZZZZZZZ...,GTBank | 7972425504 (Emma Lee),,
2025 Jul 23 19:37:53,23 Jul 2025,Transfer from DESTINY PAPAYA EDOSA,"+2,100.00","2,100.00",E-Channel,ZZZZZZZZZZZZZZZ...,Opay | 8137978760 (Emma Lee),,
2025 Jul 23 19:53:48,23 Jul 2025,Mobile Data,-333.00,"1,767.00",E-Channel,ZZZZZZZZZZZZZZZ...,Kuda | 4312980048 (Tunde Ade),,
2025 Jul 23 19:54:03,23 Jul 2025,Spend & Save Deposit,-33.30,"1,733.70",E-Channel,ZZZZZZZZZZZZZZZ...,Moniepoint | 3839808735 (Chinedu Obi),,
2025 Jul 23 21:19:35,23 Jul 2025,Auto-save to OWealth Balance,"-1,733.70",0.00,E-Channel,ZZZZZZZZZZZZZZZ...,Fidelity Bank | 2259287015 (Chinedu Obi),,
2025 Jul 24 18:32:05,24 Jul 2025,Mobile Data,"-1,340.01",0.00,E-Channel,ZZZZZZZZZZZZZZZ...,First Bank | 4099726309 (Mary Adebayo),,
2025 Jul 24 18:32:13,24 Jul 2025,OWealth Withdrawal(Transaction Payment),"+1,340.01","1,340.01",E-Channel,ZZZZZZZZZZZZZZZ...,First Bank | 6103401221 (Aisha Bello),,
2025 Jul 24 18:32:21,24 Jul 2025,OWealth Withdrawal(Transaction Payment),+135.00,135.00,E-Channel,ZZZZZZZZZZZZZZZ...,Kuda | 4359779282 (John Doe),,
2025 Jul 24 18:32:21,24 Jul 2025,Spend & Save Deposit,-135.00,0.00,E-Channel,ZZZZZZZZZZZZZZZ...,Moniepoint | 3780634162 (Emma Lee),,
2025 Jul 28 18:41:09,28 Jul 2025,Mobile Data,-333.00,0.00,E-Channel,ZZZZZZZZZZZZZZZ...,Moniepoint | 1594302752 (Chinedu Obi),,
2025 Jul 28 18:41:15,28 Jul 2025,OWealth Withdrawal(Transaction Payment),+333.00,333.00,E-Channel,ZZZZZZZZZZZZZZZ...,Kuda | 9547982038 (Mary Adebayo),,
2025 Jul 28 18:41:24,28 Jul 2025,Spend & Save Deposit,-33.30,0.00,E-Channel,ZZZZZZZZZZZZZZZ...,Kuda | 7498732348 (Tunde Ade),,
2025 Jul 28 18:41:25,28 Jul 2025,OWealth Withdrawal(Transaction Payment),+33.30,33.30,E-Channel,ZZZZZZZZZZZZZZZ...,Opay | 4100648385 (Aisha Bello),,
2025 Jul 29 08:44:09,29 Jul 2025,Airtime,-50.00,0.00,E-Channel,ZZZZZZZZZZZZZZZ...,First Bank | 5643330726 (Chinedu Obi),,
2025 Jul 29 08:44:23,29 Jul 2025,OWealth Withdrawal(Transaction Payment),+50.00,50.00,E-Channel,ZZZZZZZZZZZZZZZ...,Zenith Bank | 1648574550 (David Smith),,
2025 Jul 29 08:44:24,29 Jul 2025,Spend & Save Deposit,-5.00,0.00,E-Channel,ZZZZZZZZZZZZZZZ...,Moniepoint | 3474312643 (David Smith),,
2025 Jul 29 08:44:25,29 Jul 2025,OWealth Withdrawal(Transaction Payment),+5.00,5.00,E-Channel,ZZZZZZZZZZZZZZZ...,Moniepoint | 4482999636 (Tunde Ade),,
2025 Jul 29 08:45:14,29 Jul 2025,Transfer from FREGENE TINA OMOYIE,"+2,000.00","2,000.00",E-Channel,ZZZZZZZZZZZZZZZ...,First Bank | 9128104869 (Emma Lee),,
2025 Jul 29 08:47:39,29 Jul 2025,Transfer to Person,"-2,000.00",0.00,E-Channel,ZZZZZZZZZZZZZZZ...,Opay | 7938970309 (Tunde Ade),,
2025 Jul 29 19:51:19,29 Jul 2025,Transfer from DESTINY PAPAYA EDOSA,+700.00,700.00,E-Channel,ZZZZZZZZZZZZZZZ...,Kuda | 1061574377 (Tunde Ade),,
2025 Jul 29 21:17:21,29 Jul 2025,Auto-save to OWealth Balance,-700.00,0.00,E-Channel,ZZZZZZZZZZZZZZZ...,Moniepoint | 3949863301 (John Doe),,
2025 Jul 30 06:17:38,30 Jul 2025,Mobile Data,-333.00,0.00,E-Channel,ZZZZZZZZZZZZZZZ...,GTBank | 7107431700 (David Smith),,
2025 Jul 30 06:17:43,30 Jul 2025,OWealth Withdrawal(Transaction Payment),+333.00,333.00,E-Channel,ZZZZZZZZZZZZZZZ...,Fidelity Bank | 6446512920 (David Smith),,
2025 Jul 30 06:17:46,30 Jul 2025,OWealth Withdrawal(Transaction Payment),+33.30,33.30,E-Channel,ZZZZZZZZZZZZZZZ...,Fidelity Bank | 2071008886 (Chinedu Obi),,
2025 Jul 30 06:17:46,30 Jul 2025,Spend & Save Deposit,-33.30,0.00,E-Channel,ZZZZZZZZZZZZZZZ...,Moniepoint | 5748023271 (Chinedu Obi),,
2025 Jul 30 06:17:55,30 Jul 2025,Mobile Data,-333.00,0.00,E-Channel,ZZZZZZZZZZZZZZZ...,First Bank | 4396984643 (Mary Adebayo),,
2025 Jul 30 06:18:01,30 Jul 2025,OWealth Withdrawal(Transaction Payment),+333.00,333.00,E-Channel,ZZZZZZZZZZZZZZZ...,Zenith Bank | 1449617792 (John Doe),,
2025 Jul 30 06:18:03,30 Jul 2025,OWealth Withdrawal(Transaction Payment),+33.30,33.30,E-Channel,ZZZZZZZZZZZZZZZ...,Moniepoint | 3081478011 (Tunde Ade),,
2025 Jul 30 06:18:03,30 Jul 2025,Spend & Save Deposit,-33.30,0.00,E-Channel,ZZZZZZZZZZZZZZZ...,Fidelity Bank | 5115408137 (John Doe),,
2025 Jul 31 19:12:26,31 Jul 2025,Transfer from DESTINY PAPAYA EDOSA,"+1,000.00","1,000.00",E-Channel,ZZZZZZZZZZZZZZZ...,GTBank | 2581088977 (Tunde Ade),,
2025 Jul 31 20:13:05,31 Jul 2025,Mobile Data,-998.00,2.00,E-Channel,ZZZZZZZZZZZZZZZ...,Fidelity Bank | 2246781529 (Tunde Ade),,
2025 Jul 31 21:17:19,31 Jul 2025,Auto-save to OWealth Balance,-2.00,0.00,E-Channel,ZZZZZZZZZZZZZZZ...,Fidelity Bank | 3580088941 (John Doe),,
2025 Aug 03 19:39:39,03 Aug 2025,Mobile Data,-100.00,0.00,E-Channel,ZZZZZZZZZZZZZZZ...,Zenith Bank | 6700526762 (David Smith),,
2025 Aug 03 19:39:42,03 Aug 2025,OWealth Withdrawal(Transaction Payment),+100.00,100.00,E-Channel,ZZZZZZZZZZZZZZZ...,First Bank | 5007757057 (John Doe),,
2025 Aug 03 19:39:44,03 Aug 2025,OWealth Withdrawal(Transaction Payment),+10.00,10.00,E-Channel,ZZZZZZZZZZZZZZZ...,GTBank | 1773899701 (Grace Johnson),,
2025 Aug 03 19:39:44,03 Aug 2025,Spend & Save Deposit,-10.00,0.00,E-Channel,ZZZZZZZZZZZZZZZ...,Fidelity Bank | 6258631853 (David Smith),,
2025 Aug 04 14:16:40,04 Aug 2025,Transfer from goodluck ateboh,"+1,000.00","1,000.00",E-Channel,ZZZZZZZZZZZZZZZ...,First Bank | 1556539646 (Mary Adebayo),,
2025 Aug 04 14:17:51,04 Aug 2025,Mobile Data,-998.00,2.00,E-Channel,ZZZZZZZZZZZZZZZ...,First Bank | 5783041516 (Grace Johnson),,
2025 Aug 04 21:16:28,04 Aug 2025,Auto-save to OWealth Balance,-2.00,0.00,E-Channel,ZZZZZZZZZZZZZZZ...,Fidelity Bank | 7436012401 (Aisha Bello),,
2025 Aug 07 20:12:15,07 Aug 2025,Transfer from DESTINY PAPAYA EDOSA,+700.00,700.00,E-Channel,ZZZZZZZZZZZZZZZ...,Moniepoint | 3527954072 (Emma Lee),,
2025 Aug 07 21:16:11,07 Aug 2025,Auto-save to OWealth Balance,-700.00,0.00,E-Channel,ZZZZZZZZZZZZZZZ...,Zenith Bank | 9987022967 (Tunde Ade),,
2025 Aug 09 06:45:09,09 Aug 2025,Transfer from DESTINY PAPAYA EDOSA | Abeg forward to Sis Blessing for Convention Zobo,"+1,500.00","1,500.00",E-Channel,ZZZZZZZZZZZZZZZ...,Zenith Bank | 1972272151 (Emma Lee),,
2025 Aug 09 07:04:58,09 Aug 2025,Transfer to Person,"-1,500.00",0.00,E-Channel,ZZZZZZZZZZZZZZZ...,First Bank | 9554247716 (Aisha Bello),,
2025 Aug 09 07:05:03,09 Aug 2025,Spend & Save Deposit,-150.00,0.00,E-Channel,ZZZZZZZZZZZZZZZ...,Opay | 8483680314 (John Doe),,
2025 Aug 09 07:05:04,09 Aug 2025,OWealth Withdrawal(Transaction Payment),+150.00,150.00,E-Channel,ZZZZZZZZZZZZZZZ...,GTBank | 7151374992 (Grace Johnson),,
2025 Aug 09 12:10:21,09 Aug 2025,Mobile Data,-272.57,0.00,E-Channel,ZZZZZZZZZZZZZZZ...,Fidelity Bank | 6051357209 (Tunde Ade),,
2025 Aug 09 12:10:35,09 Aug 2025,OWealth Withdrawal(Transaction Payment),+272.57,272.57,E-Channel,ZZZZZZZZZZZZZZZ...,Fidelity Bank | 5458642786 (Mary Adebayo),,
2025 Aug 09 12:10:37,09 Aug 2025,Spend & Save Deposit,-33.30,0.00,E-Channel,ZZZZZZZZZZZZZZZ...,Zenith Bank | 7285401705 (Tunde Ade),,
2025 Aug 09 12:10:38,09 Aug 2025,OWealth Withdrawal(Transaction Payment),+33.30,33.30,E-Channel,ZZZZZZZZZZZZZZZ...,GTBank | 7532473339 (Emma Lee),,
2025 Aug 09 12:10:50,09 Aug 2025,Mobile Data,-326.34,0.00,E-Channel,ZZZZZZZZZZZZZZZ...,Zenith Bank | 8056663239 (Aisha Bello),,
2025 Aug 09 12:10:59,09 Aug 2025,OWealth Withdrawal(Transaction Payment),+326.34,326.34,E-Channel,ZZZZZZZZZZZZZZZ...,GTBank | 1209537825 (Aisha Bello),,
2025 Aug 09 12:11:01,09 Aug 2025,OWealth Withdrawal(Transaction Payment),+33.30,33.30,E-Channel,ZZZZZZZZZZZZZZZ...,GTBank | 8691806531 (John Doe),,
2025 Aug 09 12:11:01,09 Aug 2025,Spend & Save Deposit,-33.30,0.00,E-Channel,ZZZZZZZZZZZZZZZ...,Zenith Bank | 6162857447 (Grace Johnson),,
2025 Aug 09 21:05:04,09 Aug 2025,Transfer from TINA OMOYIE FREGENE,"+3,000.00","3,000.00",E-Channel,ZZZZZZZZZZZZZZZ...,First Bank | 1155498867 (Grace Johnson),,
2025 Aug 09 21:16:09,09 Aug 2025,Auto-save to OWealth Balance,"-3,000.00",0.00,E-Channel,ZZZZZZZZZZZZZZZ...,Opay | 6513601794 (Chinedu Obi),,
2025 Aug 10 08:46:51,10 Aug 2025,Airtime,-50.00,0.00,E-Channel,ZZZZZZZZZZZZZZZ...,Kuda | 9525745812 (Aisha Bello),,
2025 Aug 10 08:47:11,10 Aug 2025,OWealth Withdrawal(Transaction Payment),+50.00,50.00,E-Channel,ZZZZZZZZZZZZZZZ...,First Bank | 7892964800 (Aisha Bello),,
2025 Aug 10 08:47:14,10 Aug 2025,OWealth Withdrawal(Transaction Payment),+5.00,5.00,E-Channel,ZZZZZZZZZZZZZZZ...,First Bank | 3178349420 (Mary Adebayo),,
2025 Aug 10 08:47:14,10 Aug 2025,Spend & Save Deposit,-5.00,0.00,E-Channel,ZZZZZZZZZZZZZZZ...,Moniepoint | 6598713491 (Mary Adebayo),,
2025 Aug 10 23:54:48,10 Aug 2025,OWealth Withdrawal(Transaction Payment),+51.00,51.00,E-Channel,ZZZZZZZZZZZZZZZ...,Moniepoint | 1558404703 (Chinedu Obi),,
2025 Aug 10 23:59:50,11 Aug 2025,Reversal - OPay Card Payment,+51.00,51.00,E-Channel,ZZZZZZZZZZZZZZZ...,Access Bank | 5632746566 (David Smith),,
2025 Aug 11 10:08:05,11 Aug 2025,Mobile Data,-998.00,0.00,E-Channel,ZZZZZZZZZZZZZZZ...,Access Bank | 2751268648 (Chinedu Obi),,
2025 Aug 11 10:08:11,11 Aug 2025,OWealth Withdrawal(Transaction Payment),+947.00,998.00,E-Channel,ZZZZZZZZZZZZZZZ...,Kuda | 8922419926 (Chinedu Obi),,
2025 Aug 11 10:08:13,11 Aug 2025,OWealth Withdrawal(Transaction Payment),+99.80,99.80,E-Channel,ZZZZZZZZZZZZZZZ...,GTBank | 6307884818 (John Doe),,
2025 Aug 11 10:08:13,11 Aug 2025,Spend & Save Deposit,-99.80,0.00,E-Channel,ZZZZZZZZZZZZZZZ...,Fidelity Bank | 6612525504 (Tunde Ade),,
2025 Aug 11 14:24:49,11 Aug 2025,Transfer to Person,-400.00,0.00,E-Channel,ZZZZZZZZZZZZZZZ...,Zenith Bank | 3306546070 (Mary Adebayo),,
2025 Aug 11 14:24:56,11 Aug 2025,OWealth Withdrawal(Transaction Payment),+400.00,400.00,E-Channel,ZZZZZZZZZZZZZZZ...,GTBank | 4701152119 (John Doe),,
2025 Aug 11 14:24:57,11 Aug 2025,OWealth Withdrawal(Transaction Payment),+40.00,40.00,E-Channel,ZZZZZZZZZZZZZZZ...,First Bank | 8050220628 (Aisha Bello),,
2025 Aug 11 14:24:57,11 Aug 2025,Spend & Save Deposit,-40.00,0.00,E-Channel,ZZZZZZZZZZZZZZZ...,Access Bank | 7066977368 (Aisha Bello),,
2025 Aug 13 07:46:17,13 Aug 2025,Mobile Data,-998.00,0.00,E-Channel,ZZZZZZZZZZZZZZZ...,First Bank | 5277553982 (Chinedu Obi),,
2025 Aug 13 07:46:23,13 Aug 2025,OWealth Withdrawal(Transaction Payment),+998.00,998.00,E-Channel,ZZZZZZZZZZZZZZZ...,GTBank | 6987671195 (John Doe),,
2025 Aug 13 07:46:26,13 Aug 2025,OWealth Withdrawal(Transaction Payment),+99.80,99.80,E-Channel,ZZZZZZZZZZZZZZZ...,Kuda | 9426810631 (Emma Lee),,
2025 Aug 13 07:46:26,13 Aug 2025,Spend & Save Deposit,-99.80,0.00,E-Channel,ZZZZZZZZZZZZZZZ...,Moniepoint | 4639600528 (Mary Adebayo),,
2025 Aug 14 13:17:53,14 Aug 2025,Mobile Data,-283.42,0.00,E-Channel,ZZZZZZZZZZZZZZZ...,First Bank | 2558935300 (Emma Lee),,
2025 Aug 14 13:18:13,14 Aug 2025,OWealth Withdrawal(Transaction Payment),+283.42,283.42,E-Channel,ZZZZZZZZZZZZZZZ...,Opay | 4017037819 (John Doe),,
2025 Aug 14 13:18:16,14 Aug 2025,OWealth Withdrawal(Transaction Payment),+33.30,33.30,E-Channel,ZZZZZZZZZZZZZZZ...,Moniepoint | 3913413388 (John Doe),,
2025 Aug 14 13:18:16,14 Aug 2025,Spend & Save Deposit,-33.30,0.00,E-Channel,ZZZZZZZZZZZZZZZ...,Moniepoint | 5348675414 (Aisha Bello),,
2025 Aug 14 13:19:57,14 Aug 2025,Mobile Data,-329.67,0.00,E-Channel,ZZZZZZZZZZZZZZZ...,Moniepoint | 5200540060 (Tunde Ade),,
2025 Aug 14 13:20:25,14 Aug 2025,OWealth Withdrawal(Transaction Payment),+329.67,329.67,E-Channel,ZZZZZZZZZZZZZZZ...,Access Bank | 5457453567 (Tunde Ade),,
2025 Aug 14 13:20:27,14 Aug 2025,Spend & Save Deposit,-33.30,0.00,E-Channel,ZZZZZZZZZZZZZZZ...,Access Bank | 7340115682 (Emma Lee),,
2025 Aug 14 13:20:28,14 Aug 2025,OWealth Withdrawal(Transaction Payment),+33.30,33.30,E-Channel,ZZZZZZZZZZZZZZZ...,Opay | 1487498494 (Tunde Ade),,
2025 Aug 15 19:03:40,15 Aug 2025,Mobile Data,-46.67,0.00,E-Channel,ZZZZZZZZZZZZZZZ...,Access Bank | 2238739790 (Tunde Ade),,
2025 Aug 15 19:03:47,15 Aug 2025,OWealth Withdrawal(Transaction Payment),+46.67,46.67,E-Channel,ZZZZZZZZZZZZZZZ...,Opay | 7461703629 (Emma Lee),,
2025 Aug 15 19:03:56,15 Aug 2025,OWealth Withdrawal(Transaction Payment),+5.00,5.00,E-Channel,ZZZZZZZZZZZZZZZ...,Access Bank | 7652006590 (Aisha Bello),,
2025 Aug 15 19:03:56,15 Aug 2025,Spend & Save Deposit,-5.00,0.00,E-Channel,ZZZZZZZZZZZZZZZ...,Fidelity Bank | 4847668246 (Chinedu Obi),,
2025 Aug 21 15:22:43,21 Aug 2025,Transfer from ANGELA OGHOGHO NEWWORLD,"+1,000.00","1,000.00",E-Channel,ZZZZZZZZZZZZZZZ...,Moniepoint | 1845210876 (Grace Johnson),,
2025 Aug 21 15:24:10,21 Aug 2025,Mobile Data,-998.00,2.00,E-Channel,ZZZZZZZZZZZZZZZ...,Kuda | 6510279923 (Grace Johnson),,
2025 Aug 21 21:16:19,21 Aug 2025,Auto-save to OWealth Balance,-2.00,0.00,E-Channel,ZZZZZZZZZZZZZZZ...,Moniepoint | 4102353019 (Chinedu Obi),,
2025 Aug 24 16:34:30,24 Aug 2025,Transfer from SUNDAY OJONUGWA ONOJA,"+82,314.00","82,314.00",E-Channel,ZZZZZZZZZZZZZZZ...,Kuda | 8538156394 (Grace Johnson),,
2025 Aug 24 16:34:32,24 Aug 2025,Electronic Money Transfer Levy,-50.00,"82,264.00",E-Channel,ZZZZZZZZZZZZZZZ...,Zenith Bank | 6351968453 (Aisha Bello),,
2025 Aug 24 17:04:59,24 Aug 2025,Transfer to Person,"-25,000.00","57,264.00",E-Channel,ZZZZZZZZZZZZZZZ...,GTBank | 7878043060 (John Doe),,
2025 Aug 24 17:05:18,24 Aug 2025,Spend & Save Deposit,"-2,500.00","54,764.00",E-Channel,ZZZZZZZZZZZZZZZ...,Fidelity Bank | 4002206421 (Mary Adebayo),,
2025 Aug 24 19:25:16,24 Aug 2025,Transfer to Person,"-3,200.00","51,564.00",E-Channel,ZZZZZZZZZZZZZZZ...,Fidelity Bank | 9503776405 (Emma Lee),,
2025 Aug 24 19:25:22,24 Aug 2025,Spend & Save Deposit,-320.00,"51,244.00",E-Channel,ZZZZZZZZZZZZZZZ...,GTBank | 1564772268 (John Doe),,
2025 Aug 24 19:27:34,24 Aug 2025,Transfer to Person,"-5,000.00","46,244.00",E-Channel,ZZZZZZZZZZZZZZZ...,Opay | 5724968973 (Mary Adebayo),,
2025 Aug 24 19:27:42,24 Aug 2025,Spend & Save Deposit,-500.00,"45,744.00",E-Channel,ZZZZZZZZZZZZZZZ...,GTBank | 2310487203 (Tunde Ade),,
2025 Aug 24 19:37:00,24 Aug 2025,Airtime,"-3,000.00","42,744.00",E-Channel,ZZZZZZZZZZZZZZZ...,Fidelity Bank | 3238895995 (Tunde Ade),,
2025 Aug 24 19:37:21,24 Aug 2025,Spend & Save Deposit,-300.00,"42,444.00",E-Channel,ZZZZZZZZZZZZZZZ...,Moniepoint | 5013728928 (Grace Johnson),,
2025 Aug 24 20:41:40,24 Aug 2025,Transfer to Person,"-11,200.00","31,244.00",E-Channel,ZZZZZZZZZZZZZZZ...,Access Bank | 7993589626 (Mary Adebayo),,
2025 Aug 24 20:42:02,24 Aug 2025,Spend & Save Deposit,"-1,120.00","30,124.00",E-Channel,ZZZZZZZZZZZZZZZ...,First Bank | 4663742264 (Chinedu Obi),,
2025 Aug 24 21:14:05,24 Aug 2025,Auto-save to OWealth Balance,"-30,124.00",0.00,E-Channel,ZZZZZZZZZZZZZZZ...,Kuda | 7384914335 (Grace Johnson),,
2025 Aug 25 06:45:47,25 Aug 2025,OPay Card Payment,"-1,600.00",0.00,E-Channel,ZZZZZZZZZZZZZZZ...,Opay | 9259449279 (John Doe),,
2025 Aug 25 06:45:47,25 Aug 2025,OWealth Withdrawal(Transaction Payment),"+1,600.00","1,600.00",E-Channel,ZZZZZZZZZZZZZZZ...,GTBank | 9916969326 (Chinedu Obi),,
2025 Aug 25 08:14:41,25 Aug 2025,Airtime,"-2,000.00",0.00,E-Channel,ZZZZZZZZZZZZZZZ...,First Bank | 9697576752 (Emma Lee),,
2025 Aug 25 08:14:47,25 Aug 2025,OWealth Withdrawal(Transaction Payment),"+2,000.00","2,000.00",E-Channel,ZZZZZZZZZZZZZZZ...,First Bank | 5149793835 (Aisha Bello),,
2025 Aug 25 08:14:48,25 Aug 2025,Spend & Save Deposit,-200.00,0.00,E-Channel,ZZZZZZZZZZZZZZZ...,First Bank | 6931378457 (Aisha Bello),,
2025 Aug 25 08:14:49,25 Aug 2025,OWealth Withdrawal(Transaction Payment),+200.00,200.00,E-Channel,ZZZZZZZZZZZZZZZ...,First Bank | 7114637855 (Mary Adebayo),,
2025 Aug 25 10:33:23,25 Aug 2025,Transfer to Person,-350.00,0.00,E-Channel,ZZZZZZZZZZZZZZZ...,Fidelity Bank | 2851780285 (Grace Johnson),,
2025 Aug 25 10:33:30,25 Aug 2025,OWealth Withdrawal(Transaction Payment),+350.00,350.00,E-Channel,ZZZZZZZZZZZZZZZ...,Kuda | 5544670555 (Chinedu Obi),,
2025 Aug 25 10:33:31,25 Aug 2025,OWealth Withdrawal(Transaction Payment),+35.00,35.00,E-Channel,ZZZZZZZZZZZZZZZ...,Fidelity Bank | 2145697159 (John Doe),,
2025 Aug 25 10:33:31,25 Aug 2025,Spend & Save Deposit,-35.00,0.00,E-Channel,ZZZZZZZZZZZZZZZ...,Kuda | 8175554575 (David Smith),,
2025 Aug 25 17:37:17,25 Aug 2025,Transfer to Person,"-5,000.00",0.00,E-Channel,ZZZZZZZZZZZZZZZ...,Fidelity Bank | 5086285365 (Mary Adebayo),,
2025 Aug 25 17:37:26,25 Aug 2025,OWealth Withdrawal(Transaction Payment),"+5,000.00","5,000.00",E-Channel,ZZZZZZZZZZZZZZZ...,GTBank | 7455445459 (Tunde Ade),,
2025 Aug 25 17:37:27,25 Aug 2025,OWealth Withdrawal(Transaction Payment),+500.00,500.00,E-Channel,ZZZZZZZZZZZZZZZ...,Zenith Bank | 2915007759 (Mary Adebayo),,
2025 Aug 25 17:37:27,25 Aug 2025,Spend & Save Deposit,-500.00,0.00,E-Channel,ZZZZZZZZZZZZZZZ...,Access Bank | 8443732733 (Emma Lee),,
2025 Aug 25 19:41:40,25 Aug 2025,Transfer to Person,"-2,400.00",0.00,E-Channel,ZZZZZZZZZZZZZZZ...,Moniepoint | 9865320080 (Chinedu Obi),,
2025 Aug 25 19:41:53,25 Aug 2025,OWealth Withdrawal(Transaction Payment),"+2,400.00","2,400.00",E-Channel,ZZZZZZZZZZZZZZZ...,Moniepoint | 4631563347 (Mary Adebayo),,
2025 Aug 25 19:41:54,25 Aug 2025,OWealth Withdrawal(Transaction Payment),+240.00,240.00,E-Channel,ZZZZZZZZZZZZZZZ...,Kuda | 6908701813 (Mary Adebayo),,
2025 Aug 25 19:41:54,25 Aug 2025,Spend & Save Deposit,-240.00,0.00,E-Channel,ZZZZZZZZZZZZZZZ...,GTBank | 2611196024 (Grace Johnson),,
2025 Aug 26 16:22:08,26 Aug 2025,Transfer to Person,"-1,750.00",0.00,E-Channel,ZZZZZZZZZZZZZZZ...,Fidelity Bank | 3272291927 (John Doe),,
2025 Aug 26 16:22:14,26 Aug 2025,OWealth Withdrawal(Transaction Payment),"+1,750.00","1,750.00",E-Channel,ZZZZZZZZZZZZZZZ...,Access Bank | 1147090561 (Mary Adebayo),,
2025 Aug 26 16:22:16,26 Aug 2025,OWealth Withdrawal(Transaction Payment),+175.00,175.00,E-Channel,ZZZZZZZZZZZZZZZ...,Kuda | 7526293164 (Aisha Bello),,
2025 Aug 26 16:22:16,26 Aug 2025,Spend & Save Deposit,-175.00,0.00,E-Channel,ZZZZZZZZZZZZZZZ...,Zenith Bank | 8363941750 (David Smith),,
2025 Aug 26 16:46:02,26 Aug 2025,Transfer to Person,"-7,750.00",0.00,E-Channel,ZZZZZZZZZZZZZZZ...,GTBank | 4509549205 (Mary Adebayo),,
2025 Aug 26 16:46:09,26 Aug 2025,OWealth Withdrawal(Transaction Payment),"+7,750.00","7,750.00",E-Channel,ZZZZZZZZZZZZZZZ...,Fidelity Bank | 8316938347 (Chinedu Obi),,
2025 Aug 26 16:46:10,26 Aug 2025,OWealth Withdrawal(Transaction Payment),+775.00,775.00,E-Channel,ZZZZZZZZZZZZZZZ...,GTBank | 2510599177 (Emma Lee),,
2025 Aug 26 16:46:10,26 Aug 2025,Spend & Save Deposit,-775.00,0.00,E-Channel,ZZZZZZZZZZZZZZZ...,Kuda | 2858089562 (Tunde Ade),,
2025 Aug 28 09:16:27,28 Aug 2025,Transfer to Person,"-1,000.00",0.00,E-Channel,ZZZZZZZZZZZZZZZ...,Opay | 8636880599 (Chinedu Obi),,
2025 Aug 28 09:16:33,28 Aug 2025,OWealth Withdrawal(Transaction Payment),"+1,000.00","1,000.00",E-Channel,ZZZZZZZZZZZZZZZ...,Opay | 2018265690 (Emma Lee),,
2025 Aug 28 09:16:35,28 Aug 2025,OWealth Withdrawal(Transaction Payment),+100.00,100.00,E-Channel,ZZZZZZZZZZZZZZZ...,GTBank | 4449318067 (Tunde Ade),,
2025 Aug 28 09:16:35,28 Aug 2025,Spend & Save Deposit,-100.00,0.00,E-Channel,ZZZZZZZZZZZZZZZ...,GTBank | 3327324346 (Chinedu Obi),,
2025 Aug 28 15:40:21,28 Aug 2025,Transfer to Person,-800.00,0.00,E-Channel,ZZZZZZZZZZZZZZZ...,Fidelity Bank | 4764508667 (Grace Johnson),,
2025 Aug 28 15:40:35,28 Aug 2025,OWealth Withdrawal(Transaction Payment),+800.00,800.00,E-Channel,ZZZZZZZZZZZZZZZ...,GTBank | 7225420454 (Mary Adebayo),,
2025 Aug 28 15:40:37,28 Aug 2025,OWealth Withdrawal(Transaction Payment),+80.00,80.00,E-Channel,ZZZZZZZZZZZZZZZ...,Moniepoint | 4564448730 (Emma Lee),,
2025 Aug 28 15:40:37,28 Aug 2025,Spend & Save Deposit,-80.00,0.00,E-Channel,ZZZZZZZZZZZZZZZ...,Access Bank | 5000372344 (David Smith),,
2025 Aug 29 11:30:03,29 Aug 2025,Transfer to Person,"-3,000.00",0.00,E-Channel,ZZZZZZZZZZZZZZZ...,GTBank | 6785648486 (John Doe),,
2025 Aug 29 11:30:12,29 Aug 2025,OWealth Withdrawal(Transaction Payment),"+3,000.00","3,000.00",E-Channel,ZZZZZZZZZZZZZZZ...,GTBank | 4858093070 (Aisha Bello),,
2025 Aug 29 11:30:13,29 Aug 2025,OWealth Withdrawal(Transaction Payment),+300.00,300.00,E-Channel,ZZZZZZZZZZZZZZZ...,Fidelity Bank | 4956800335 (David Smith),,
2025 Aug 29 11:30:13,29 Aug 2025,Spend & Save Deposit,-300.00,0.00,E-Channel,ZZZZZZZZZZZZZZZ...,GTBank | 7789985250 (Chinedu Obi),,
2025 Aug 30 10:48:43,30 Aug 2025,Airtime,"-3,000.00",0.00,E-Channel,ZZZZZZZZZZZZZZZ...,Zenith Bank | 1263793222 (John Doe),,
2025 Aug 30 10:48:54,30 Aug 2025,OWealth Withdrawal(Transaction Payment),"+3,000.00","3,000.00",E-Channel,ZZZZZZZZZZZZZZZ...,Fidelity Bank | 7484351154 (John Doe),,
2025 Aug 30 10:48:55,30 Aug 2025,Spend & Save Deposit,-300.00,0.00,E-Channel,ZZZZZZZZZZZZZZZ...,GTBank | 5296618419 (Grace Johnson),,
2025 Aug 30 10:48:56,30 Aug 2025,OWealth Withdrawal(Transaction Payment),+300.00,300.00,E-Channel,ZZZZZZZZZZZZZZZ...,Access Bank | 7877085743 (John Doe),,
2025 Aug 31 07:21:21,31 Aug 2025,OWealth Withdrawal(Transaction Payment),+51.00,51.00,E-Channel,ZZZZZZZZZZZZZZZ...,Access Bank | 4474468463 (Aisha Bello),,
2025 Aug 31 07:26:25,31 Aug 2025,Reversal - OPay Card Payment,+51.00,51.00,E-Channel,ZZZZZZZZZZZZZZZ...,Access Bank | 2565869149 (Grace Johnson),,
2025 Aug 31 21:15:22,31 Aug 2025,Auto-save to OWealth Balance,-51.00,0.00,E-Channel,ZZZZZZZZZZZZZZZ...,Zenith Bank | 9691314073 (John Doe),,
2025 Sep 01 15:39:59,01 Sep 2025,Transfer to Person,"-3,000.00",0.00,E-Channel,ZZZZZZZZZZZZZZZ...,Access Bank | 8623701263 (Emma Lee),,
2025 Sep 01 15:40:04,01 Sep 2025,OWealth Withdrawal(Transaction Payment),"+3,000.00","3,000.00",E-Channel,ZZZZZZZZZZZZZZZ...,GTBank | 1824064696 (Emma Lee),,
2025 Sep 01 15:40:05,01 Sep 2025,OWealth Withdrawal(Transaction Payment),+300.00,300.00,E-Channel,ZZZZZZZZZZZZZZZ...,Access Bank | 1266034916 (Chinedu Obi),,
2025 Sep 01 15:40:05,01 Sep 2025,Spend & Save Deposit,-300.00,0.00,E-Channel,ZZZZZZZZZZZZZZZ...,GTBank | 1990906560 (John Doe),,
2025 Sep 01 15:40:31,01 Sep 2025,Transfer to Person,-300.00,0.00,E-Channel,ZZZZZZZZZZZZZZZ...,Access Bank | 4890459526 (Emma Lee),,
2025 Sep 01 15:40:37,01 Sep 2025,OWealth Withdrawal(Transaction Payment),+300.00,300.00,E-Channel,ZZZZZZZZZZZZZZZ...,GTBank | 7690017173 (Tunde Ade),,
2025 Sep 01 15:40:38,01 Sep 2025,OWealth Withdrawal(Transaction Payment),+30.00,30.00,E-Channel,ZZZZZZZZZZZZZZZ...,First Bank | 2723207949 (Tunde Ade),,
2025 Sep 01 15:40:38,01 Sep 2025,Spend & Save Deposit,-30.00,0.00,E-Channel,ZZZZZZZZZZZZZZZ...,Zenith Bank | 3096614206 (Mary Adebayo),,
2025 Sep 01 19:34:28,01 Sep 2025,Transfer to Person,"-1,200.00",0.00,E-Channel,ZZZZZZZZZZZZZZZ...,Opay | 3457103460 (Chinedu Obi),,
2025 Sep 01 19:34:33,01 Sep 2025,OWealth Withdrawal(Transaction Payment),"+1,200.00","1,200.00",E-Channel,ZZZZZZZZZZZZZZZ...,Access Bank | 2863403871 (David Smith),,
2025 Sep 01 19:34:42,01 Sep 2025,OWealth Withdrawal(Transaction Payment),+120.00,120.00,E-Channel,ZZZZZZZZZZZZZZZ...,Kuda | 1574245679 (Emma Lee),,
2025 Sep 01 19:34:42,01 Sep 2025,Spend & Save Deposit,-120.00,0.00,E-Channel,ZZZZZZZZZZZZZZZ...,First Bank | 1649111770 (Grace Johnson),,
2025 Sep 06 19:57:12,06 Sep 2025,Transfer to Person,-500.00,0.00,E-Channel,ZZZZZZZZZZZZZZZ...,Moniepoint | 5868654708 (Chinedu Obi),,
2025 Sep 06 19:57:29,06 Sep 2025,OWealth Withdrawal(Transaction Payment),+500.00,500.00,E-Channel,ZZZZZZZZZZZZZZZ...,GTBank | 5910868971 (Mary Adebayo),,
2025 Sep 06 19:57:32,06 Sep 2025,OWealth Withdrawal(Transaction Payment),+50.00,50.00,E-Channel,ZZZZZZZZZZZZZZZ...,Zenith Bank | 2247874741 (David Smith),,
2025 Sep 06 19:57:32,06 Sep 2025,Spend & Save Deposit,-50.00,0.00,E-Channel,ZZZZZZZZZZZZZZZ...,Moniepoint | 1718608095 (Mary Adebayo),,
2025 Sep 09 09:54:00,09 Sep 2025,Transfer to Person,-400.00,0.00,E-Channel,ZZZZZZZZZZZZZZZ...,First Bank | 5951434692 (Emma Lee),,
2025 Sep 09 09:54:20,09 Sep 2025,OWealth Withdrawal(Transaction Payment),+400.00,400.00,E-Channel,ZZZZZZZZZZZZZZZ...,Fidelity Bank | 9398762249 (John Doe),,
2025 Sep 09 09:54:21,09 Sep 2025,OWealth Withdrawal(Transaction Payment),+40.00,40.00,E-Channel,ZZZZZZZZZZZZZZZ...,Zenith Bank | 4075366880 (Aisha Bello),,
2025 Sep 09 09:54:21,09 Sep 2025,Spend & Save Deposit,-40.00,0.00,E-Channel,ZZZZZZZZZZZZZZZ...,GTBank | 1911882187 (Tunde Ade),,
2025 Sep 10 06:42:55,10 Sep 2025,Transfer from FREGENE HARRY ORITSEGBUBEMI,"+6,700.00","6,700.00",E-Channel,ZZZZZZZZZZZZZZZ...,Zenith Bank | 1696065665 (Emma Lee),,
2025 Sep 10 18:09:00,10 Sep 2025,Transfer to Person,"-4,800.00","1,900.00",E-Channel,ZZZZZZZZZZZZZZZ...,Moniepoint | 8163746410 (Aisha Bello),,
2025 Sep 10 18:09:14,10 Sep 2025,Spend & Save Deposit,-480.00,"1,420.00",E-Channel,ZZZZZZZZZZZZZZZ...,First Bank | 6947493355 (Grace Johnson),,
2025 Sep 10 21:17:27,10 Sep 2025,Auto-save to OWealth Balance,"-1,420.00",0.00,E-Channel,ZZZZZZZZZZZZZZZ...,Fidelity Bank | 1432702536 (Chinedu Obi),,
2025 Sep 10 22:01:49,10 Sep 2025,Mobile Data,"-1,259.52",0.00,E-Channel,ZZZZZZZZZZZZZZZ...,First Bank | 3096037925 (Mary Adebayo),,
2025 Sep 10 22:02:05,10 Sep 2025,OWealth Withdrawal(Transaction Payment),"+1,259.52","1,259.52",E-Channel,ZZZZZZZZZZZZZZZ...,Zenith Bank | 9069941063 (Grace Johnson),,
2025 Sep 10 22:02:07,10 Sep 2025,OWealth Withdrawal(Transaction Payment),+135.00,135.00,E-Channel,ZZZZZZZZZZZZZZZ...,Moniepoint | 8259894216 (John Doe),,
2025 Sep 10 22:02:07,10 Sep 2025,Spend & Save Deposit,-135.00,0.00,E-Channel,ZZZZZZZZZZZZZZZ...,Kuda | 1383855080 (Aisha Bello),,
2025 Sep 11 00:22:10,11 Sep 2025,Transfer to Person,"-1,500.00",0.00,E-Channel,ZZZZZZZZZZZZZZZ...,Access Bank | 3343972264 (Grace Johnson),,
2025 Sep 11 00:22:15,11 Sep 2025,OWealth Withdrawal(Transaction Payment),"+1,500.00","1,500.00",E-Channel,ZZZZZZZZZZZZZZZ...,Kuda | 4610873734 (Chinedu Obi),,
2025 Sep 11 00:26:04,11 Sep 2025,Transfer from TERRY,"+1,500.00","1,500.00",E-Channel,ZZZZZZZZZZZZZZZ...,Moniepoint | 3926803250 (Mary Adebayo),,
2025 Sep 11 09:36:26,11 Sep 2025,Electricity,"-1,500.00",0.00,E-Channel,ZZZZZZZZZZZZZZZ...,Moniepoint | 1645522187 (Emma Lee),,
2025 Sep 13 15:23:08,13 Sep 2025,Transfer from DESTINY PAPAYA EDOSA,"+5,000.00","5,000.00",E-Channel,ZZZZZZZZZZZZZZZ...,GTBank | 5057415418 (Mary Adebayo),,
2025 Sep 13 15:45:42,13 Sep 2025,Transfer to Person,"-5,000.00",0.00,E-Channel,ZZZZZZZZZZZZZZZ...,Opay | 4044660012 (Chinedu Obi),,
2025 Sep 15 19:14:39,15 Sep 2025,Transfer from PATRICIA OLUOMA EBOH,"+5,000.00","5,000.00",E-Channel,ZZZZZZZZZZZZZZZ...,Access Bank | 2876552157 (Aisha Bello),,
2025 Sep 15 19:31:24,15 Sep 2025,Transfer from PATRICIA OLUOMA EBOH,"+5,000.00","10,000.00",E-Channel,ZZZZZZZZZZZZZZZ...,Zenith Bank | 1400822103 (Emma Lee),,
2025 Sep 15 19:32:41,15 Sep 2025,OPay Card Payment,"-7,180.00","2,820.00",E-Channel,ZZZZZZZZZZZZZZZ...,Access Bank | 1990294728 (Tunde Ade),,
2025 Sep 15 19:44:42,15 Sep 2025,Transfer to Person,-500.00,"2,320.00",E-Channel,ZZZZZZZZZZZZZZZ...,Access Bank | 2284177452 (John Doe),,
2025 Sep 15 19:44:52,15 Sep 2025,Spend & Save Deposit,-50.00,"2,270.00",E-Channel,ZZZZZZZZZZZZZZZ...,Fidelity Bank | 6136969761 (Aisha Bello),,
2025 Sep 15 21:16:57,15 Sep 2025,Auto-save to OWealth Balance,"-2,270.00",0.00,E-Channel,ZZZZZZZZZZZZZZZ...,Zenith Bank | 3221974829 (Emma Lee),,
2025 Sep 16 09:27:02,16 Sep 2025,Transfer from PEACE OLUWATOSIN ADEPOJU,"+4,999.00","4,999.00",E-Channel,ZZZZZZZZZZZZZZZ...,Access Bank | 8986893721 (Aisha Bello),,
2025 Sep 16 10:07:22,16 Sep 2025,Transfer to Person,"-5,000.00",0.00,E-Channel,ZZZZZZZZZZZZZZZ...,Kuda | 4995334651 (Grace Johnson),,
2025 Sep 16 10:07:29,16 Sep 2025,OWealth Withdrawal(Transaction Payment),+1.00,"5,000.00",E-Channel,ZZZZZZZZZZZZZZZ...,First Bank | 4365669420 (Tunde Ade),,
2025 Sep 16 10:07:29,16 Sep 2025,OWealth Withdrawal(Transaction Payment),+500.00,500.00,E-Channel,ZZZZZZZZZZZZZZZ...,GTBank | 1405817751 (John Doe),,
2025 Sep 16 10:07:29,16 Sep 2025,Spend & Save Deposit,-500.00,0.00,E-Channel,ZZZZZZZZZZZZZZZ...,Access Bank | 2784996929 (Aisha Bello),,
2025 Sep 16 15:38:46,16 Sep 2025,Transfer from ONYEDIKA STEPHEN OKOYE,"+10,000.00","10,000.00",E-Channel,ZZZZZZZZZZZZZZZ...,Fidelity Bank | 9561569366 (Mary Adebayo),,
2025 Sep 16 15:38:50,16 Sep 2025,Electronic Money Transfer Levy,-50.00,"9,950.00",E-Channel,ZZZZZZZZZZZZZZZ...,Moniepoint | 8729641096 (Tunde Ade),,
2025 Sep 16 15:49:58,16 Sep 2025,Transfer to Person,"-3,500.00","6,450.00",E-Channel,ZZZZZZZZZZZZZZZ...,Kuda | 7684078675 (Tunde Ade),,
2025 Sep 16 15:50:04,16 Sep 2025,Spend & Save Deposit,-350.00,"6,100.00",E-Channel,ZZZZZZZZZZZZZZZ...,Zenith Bank | 1780004689 (Aisha Bello),,
2025 Sep 16 16:13:52,16 Sep 2025,Transfer to Person,"-2,000.00","4,100.00",E-Channel,ZZZZZZZZZZZZZZZ...,First Bank | 8792341924 (Emma Lee),,
2025 Sep 16 16:14:03,16 Sep 2025,Spend & Save Deposit,-200.00,"3,900.00",E-Channel,ZZZZZZZZZZZZZZZ...,Moniepoint | 8065641531 (Emma Lee),,
2025 Sep 16 21:17:00,16 Sep 2025,Auto-save to OWealth Balance,"-3,900.00",0.00,E-Channel,ZZZZZZZZZZZZZZZ...,Opay | 7008923982 (Chinedu Obi),,
2025 Sep 17 08:10:29,17 Sep 2025,Transfer to Person,-700.00,0.00,E-Channel,ZZZZZZZZZZZZZZZ...,Moniepoint | 7221209862 (Aisha Bello),,
2025 Sep 17 08:10:35,17 Sep 2025,OWealth Withdrawal(Transaction Payment),+700.00,700.00,E-Channel,ZZZZZZZZZZZZZZZ...,Zenith Bank | 2792454794 (Grace Johnson),,
2025 Sep 17 08:10:35,17 Sep 2025,Spend & Save Deposit,-70.00,0.00,E-Channel,ZZZZZZZZZZZZZZZ...,Moniepoint | 7710089617 (David Smith),,
2025 Sep 17 08:10:36,17 Sep 2025,OWealth Withdrawal(Transaction Payment),+70.00,70.00,E-Channel,ZZZZZZZZZZZZZZZ...,Opay | 6843780462 (John Doe),,
2025 Sep 17 11:16:58,17 Sep 2025,OPay Card Payment,"-1,990.00",0.00,E-Channel,ZZZZZZZZZZZZZZZ...,GTBank | 4381929826 (Emma Lee),,
2025 Sep 17 11:16:59,17 Sep 2025,OWealth Withdrawal(Transaction Payment),"+1,990.00","1,990.00",E-Channel,ZZZZZZZZZZZZZZZ...,Moniepoint | 3781037017 (Emma Lee),,
2025 Sep 18 11:30:41,18 Sep 2025,Airtime,"-2,600.00",0.00,E-Channel,ZZZZZZZZZZZZZZZ...,Moniepoint | 8578302583 (Grace Johnson),,
2025 Sep 18 11:30:56,18 Sep 2025,OWealth Withdrawal(Transaction Payment),"+2,600.00","2,600.00",E-Channel,ZZZZZZZZZZZZZZZ...,First Bank | 3632182312 (Emma Lee),,
2025 Sep 18 11:30:58,18 Sep 2025,Spend & Save Deposit,-260.00,0.00,E-Channel,ZZZZZZZZZZZZZZZ...,Access Bank | 7141605338 (Mary Adebayo),,
2025 Sep 18 11:30:59,18 Sep 2025,OWealth Withdrawal(Transaction Payment),+260.00,260.00,E-Channel,ZZZZZZZZZZZZZZZ...,Moniepoint | 7320121514 (Tunde Ade),,
2025 Sep 18 11:35:02,18 Sep 2025,Transfer from ONYEDIKA STEPHEN OKOYE,"+10,000.00","10,000.00",E-Channel,ZZZZZZZZZZZZZZZ...,Access Bank | 1228685323 (Mary Adebayo),,
2025 Sep 18 11:35:06,18 Sep 2025,Electronic Money Transfer Levy,-50.00,"9,950.00",E-Channel,ZZZZZZZZZZZZZZZ...,Moniepoint | 9593758107 (John Doe),,
2025 Sep 18 11:36:26,18 Sep 2025,Airtime,"-5,000.00","4,950.00",E-Channel,ZZZZZZZZZZZZZZZ...,Fidelity Bank | 8823942952 (John Doe),,
2025 Sep 18 11:36:33,18 Sep 2025,Spend & Save Deposit,-500.00,"4,450.00",E-Channel,ZZZZZZZZZZZZZZZ...,GTBank | 1412436658 (Tunde Ade),,
2025 Sep 18 18:51:14,18 Sep 2025,Transfer to Person,-450.00,"4,000.00",E-Channel,ZZZZZZZZZZZZZZZ...,Opay | 3928352848 (Emma Lee),,
2025 Sep 18 18:51:28,18 Sep 2025,Spend & Save Deposit,-45.00,"3,955.00",E-Channel,ZZZZZZZZZZZZZZZ...,Opay | 3888510587 (Tunde Ade),,
2025 Sep 18 21:17:32,18 Sep 2025,Auto-save to OWealth Balance,"-3,955.00",0.00,E-Channel,ZZZZZZZZZZZZZZZ...,GTBank | 2099552606 (John Doe),,
2025 Sep 18 23:20:02,18 Sep 2025,Mobile Data,-204.00,0.00,E-Channel,ZZZZZZZZZZZZZZZ...,Zenith Bank | 9131063775 (Tunde Ade),,
2025 Sep 18 23:20:11,18 Sep 2025,OWealth Withdrawal(Transaction Payment),+204.00,204.00,E-Channel,ZZZZZZZZZZZZZZZ...,Access Bank | 8869501665 (Grace Johnson),,
2025 Sep 18 23:20:13,18 Sep 2025,Spend & Save Deposit,-33.30,0.00,E-Channel,ZZZZZZZZZZZZZZZ...,GTBank | 9165635749 (Aisha Bello),,
2025 Sep 18 23:20:14,18 Sep 2025,OWealth Withdrawal(Transaction Payment),+33.30,33.30,E-Channel,ZZZZZZZZZZZZZZZ...,Opay | 9531705468 (Grace Johnson),,
2025 Sep 19 19:27:15,19 Sep 2025,Transfer to Person,-500.00,0.00,E-Channel,ZZZZZZZZZZZZZZZ...,Kuda | 2738424401 (Mary Adebayo),,
2025 Sep 19 19:27:22,19 Sep 2025,OWealth Withdrawal(Transaction Payment),+500.00,500.00,E-Channel,ZZZZZZZZZZZZZZZ...,First Bank | 3299679485 (David Smith),,
2025 Sep 19 19:27:28,19 Sep 2025,OWealth Withdrawal(Transaction Payment),+50.00,50.00,E-Channel,ZZZZZZZZZZZZZZZ...,Kuda | 3161340460 (John Doe),,
2025 Sep 19 19:27:28,19 Sep 2025,Spend & Save Deposit,-50.00,0.00,E-Channel,ZZZZZZZZZZZZZZZ...,Zenith Bank | 5628756230 (Aisha Bello),,
2025 Sep 19 20:43:01,19 Sep 2025,OWealth Withdrawal(Transaction Payment),+51.00,51.00,E-Channel,ZZZZZZZZZZZZZZZ...,Zenith Bank | 5245600456 (Emma Lee),,
2025 Sep 19 20:43:26,19 Sep 2025,OWealth Withdrawal(Transaction Payment),+51.00,51.00,E-Channel,ZZZZZZZZZZZZZZZ...,Zenith Bank | 4594173342 (David Smith),,
2025 Sep 19 20:48:05,19 Sep 2025,Reversal - OPay Card Payment,+51.00,51.00,E-Channel,ZZZZZZZZZZZZZZZ...,First Bank | 2406337811 (Aisha Bello),,
2025 Sep 19 20:48:30,19 Sep 2025,Reversal - OPay Card Payment,+51.00,102.00,E-Channel,ZZZZZZZZZZZZZZZ...,First Bank | 2876789279 (Emma Lee),,
2025 Sep 19 21:17:17,19 Sep 2025,Auto-save to OWealth Balance,-102.00,0.00,E-Channel,ZZZZZZZZZZZZZZZ...,First Bank | 5258326714 (Aisha Bello),,
2025 Sep 20 10:44:50,20 Sep 2025,Transfer to Person,"-1,800.00",0.00,E-Channel,ZZZZZZZZZZZZZZZ...,Moniepoint | 8492446398 (John Doe),,
2025 Sep 20 10:44:55,20 Sep 2025,OWealth Withdrawal(Transaction Payment),"+1,800.00","1,800.00",E-Channel,ZZZZZZZZZZZZZZZ...,First Bank | 8237271609 (Emma Lee),,
2025 Sep 20 10:44:57,20 Sep 2025,OWealth Withdrawal(Transaction Payment),+180.00,180.00,E-Channel,ZZZZZZZZZZZZZZZ...,GTBank | 6106384606 (Aisha Bello),,
2025 Sep 20 10:44:57,20 Sep 2025,Spend & Save Deposit,-180.00,0.00,E-Channel,ZZZZZZZZZZZZZZZ...,Zenith Bank | 9966412888 (Mary Adebayo),,
2025 Sep 20 18:03:48,20 Sep 2025,Transfer to Person,"-1,000.00",0.00,E-Channel,ZZZZZZZZZZZZZZZ...,Moniepoint | 3096494984 (Mary Adebayo),,
2025 Sep 20 18:03:53,20 Sep 2025,OWealth Withdrawal(Transaction Payment),"+1,000.00","1,000.00",E-Channel,ZZZZZZZZZZZZZZZ...,Opay | 8934440936 (Chinedu Obi),,
2025 Sep 20 18:03:56,20 Sep 2025,OWealth Withdrawal(Transaction Payment),+100.00,100.00,E-Channel,ZZZZZZZZZZZZZZZ...,GTBank | 5114937795 (Mary Adebayo),,
2025 Sep 20 18:03:56,20 Sep 2025,Spend & Save Deposit,-100.00,0.00,E-Channel,ZZZZZZZZZZZZZZZ...,Opay | 2718572027 (John Doe),,
2025 Sep 21 08:44:14,21 Sep 2025,OPay Card Payment,"-1,670.00",0.00,E-Channel,ZZZZZZZZZZZZZZZ...,Access Bank | 8300507288 (Emma Lee),,
2025 Sep 21 08:44:15,21 Sep 2025,OWealth Withdrawal(Transaction Payment),"+1,670.00","1,670.00",E-Channel,ZZZZZZZZZZZZZZZ...,Kuda | 5895913496 (Chinedu Obi),,
2025 Sep 21 08:57:41,21 Sep 2025,OPay Card Payment,-485.00,0.00,E-Channel,ZZZZZZZZZZZZZZZ...,Access Bank | 7039103705 (Emma Lee),,
2025 Sep 21 08:57:41,21 Sep 2025,OWealth Withdrawal(Transaction Payment),+485.00,485.00,E-Channel,ZZZZZZZZZZZZZZZ...,Moniepoint | 7910447959 (Mary Adebayo),,
2025 Sep 22 12:12:50,22 Sep 2025,Transfer from NDUBUISI ECHE UDUMA,"+12,156.00","12,156.00",E-Channel,ZZZZZZZZZZZZZZZ...,Opay | 6068697858 (Grace Johnson),,
2025 Sep 22 12:12:52,22 Sep 2025,Electronic Money Transfer Levy,-50.00,"12,106.00",E-Channel,ZZZZZZZZZZZZZZZ...,First Bank | 6888567918 (Grace Johnson),,
2025 Sep 22 12:13:46,22 Sep 2025,Transfer to Person,"-9,000.00","3,106.00",E-Channel,ZZZZZZZZZZZZZZZ...,GTBank | 7566973856 (Aisha Bello),,
2025 Sep 22 12:14:00,22 Sep 2025,Spend & Save Deposit,-900.00,"2,206.00",E-Channel,ZZZZZZZZZZZZZZZ...,Access Bank | 1327946799 (Tunde Ade),,
2025 Sep 22 20:18:58,22 Sep 2025,Transfer to Person,-450.00,"1,756.00",E-Channel,ZZZZZZZZZZZZZZZ...,Moniepoint | 3091576075 (Mary Adebayo),,
2025 Sep 22 20:19:05,22 Sep 2025,Spend & Save Deposit,-45.00,"1,711.00",E-Channel,ZZZZZZZZZZZZZZZ...,Moniepoint | 3592157463 (Tunde Ade),,
2025 Sep 22 21:16:51,22 Sep 2025,Auto-save to OWealth Balance,"-1,711.00",0.00,E-Channel,ZZZZZZZZZZZZZZZ...,GTBank | 5507928838 (Mary Adebayo),,
2025 Sep 23 14:01:31,23 Sep 2025,Transfer to Person,"-1,150.00",0.00,E-Channel,ZZZZZZZZZZZZZZZ...,Kuda | 1514333858 (David Smith),,
2025 Sep 23 14:01:37,23 Sep 2025,OWealth Withdrawal(Transaction Payment),"+1,150.00","1,150.00",E-Channel,ZZZZZZZZZZZZZZZ...,Kuda | 6899550255 (Chinedu Obi),,
2025 Sep 23 14:01:38,23 Sep 2025,Spend & Save Deposit,-115.00,0.00,E-Channel,ZZZZZZZZZZZZZZZ...,GTBank | 9470225941 (John Doe),,
2025 Sep 23 14:01:39,23 Sep 2025,OWealth Withdrawal(Transaction Payment),+115.00,115.00,E-Channel,ZZZZZZZZZZZZZZZ...,Zenith Bank | 5826496647 (David Smith),,
2025 Sep 24 19:00:38,24 Sep 2025,Transfer to Person,-500.00,0.00,E-Channel,ZZZZZZZZZZZZZZZ...,Zenith Bank | 5635980778 (Mary Adebayo),,
2025 Sep 24 19:00:52,24 Sep 2025,OWealth Withdrawal(Transaction Payment),+500.00,500.00,E-Channel,ZZZZZZZZZZZZZZZ...,GTBank | 1280222432 (Mary Adebayo),,
2025 Sep 24 19:01:02,24 Sep 2025,OWealth Withdrawal(Transaction Payment),+50.00,50.00,E-Channel,ZZZZZZZZZZZZZZZ...,Kuda | 4211720117 (Mary Adebayo),,
2025 Sep 24 19:01:02,24 Sep 2025,Spend & Save Deposit,-50.00,0.00,E-Channel,ZZZZZZZZZZZZZZZ...,First Bank | 4529279981 (John Doe),,
2025 Sep 25 20:54:04,25 Sep 2025,Transfer to Person,"-1,000.00",0.00,E-Channel,ZZZZZZZZZZZZZZZ...,Moniepoint | 7492073628 (John Doe),,
2025 Sep 25 20:54:21,25 Sep 2025,OWealth Withdrawal(Transaction Payment),"+1,000.00","1,000.00",E-Channel,ZZZZZZZZZZZZZZZ...,Access Bank | 5845150593 (Mary Adebayo),,
2025 Sep 25 20:54:22,25 Sep 2025,OWealth Withdrawal(Transaction Payment),+100.00,100.00,E-Channel,ZZZZZZZZZZZZZZZ...,First Bank | 3759264443 (Emma Lee),,
2025 Sep 25 20:54:22,25 Sep 2025,Spend & Save Deposit,-100.00,0.00,E-Channel,ZZZZZZZZZZZZZZZ...,Fidelity Bank | 9222779920 (Aisha Bello),,
2025 Sep 26 01:59:04,26 Sep 2025,OWealth Withdrawal(Transaction Payment),+51.00,51.00,E-Channel,ZZZZZZZZZZZZZZZ...,Access Bank | 1546039790 (Grace Johnson),,
2025 Sep 26 03:05:27,26 Sep 2025,Reversal - OPay Card Payment,+51.00,51.00,E-Channel,ZZZZZZZZZZZZZZZ...,Access Bank | 4266227143 (Chinedu Obi),,
2025 Sep 26 08:43:31,26 Sep 2025,Transfer from JEREMIAH EMMANUEL ISAAC,"+5,660.00","5,711.00",E-Channel,ZZZZZZZZZZZZZZZ...,First Bank | 9398606818 (Chinedu Obi),,
2025 Sep 26 09:03:46,26 Sep 2025,Transfer to Person,"-3,000.00","2,711.00",E-Channel,ZZZZZZZZZZZZZZZ...,Kuda | 2067348456 (Grace Johnson),,
2025 Sep 26 09:03:58,26 Sep 2025,Spend & Save Deposit,-300.00,"2,411.00",E-Channel,ZZZZZZZZZZZZZZZ...,Fidelity Bank | 1894888376 (Emma Lee),,
2025 Sep 26 13:22:39,26 Sep 2025,Transfer from OSAZEECOURAGE OBADIGIE,"+5,655.00","8,066.00",E-Channel,ZZZZZZZZZZZZZZZ...,Moniepoint | 7923331707 (John Doe),,
2025 Sep 26 13:35:33,26 Sep 2025,Transfer to Person,"-3,150.00","4,916.00",E-Channel,ZZZZZZZZZZZZZZZ...,First Bank | 1500870892 (Grace Johnson),,
2025 Sep 26 13:35:49,26 Sep 2025,Spend & Save Deposit,-315.00,"4,601.00",E-Channel,ZZZZZZZZZZZZZZZ...,Zenith Bank | 9165343338 (Mary Adebayo),,
2025 Sep 26 13:38:45,26 Sep 2025,Transfer to Person,"-3,000.00","1,601.00",E-Channel,ZZZZZZZZZZZZZZZ...,Kuda | 9896082602 (Aisha Bello),,
2025 Sep 26 13:38:51,26 Sep 2025,Spend & Save Deposit,-300.00,"1,301.00",E-Channel,ZZZZZZZZZZZZZZZ...,Zenith Bank | 4142005988 (Grace Johnson),,
2025 Sep 26 13:39:23,26 Sep 2025,Transfer to Person,-100.00,"1,201.00",E-Channel,ZZZZZZZZZZZZZZZ...,Kuda | 3725677910 (Aisha Bello),,
2025 Sep 26 13:39:29,26 Sep 2025,Spend & Save Deposit,-10.00,"1,191.00",E-Channel,ZZZZZZZZZZZZZZZ...,Zenith Bank | 9798845543 (Mary Adebayo),,
2025 Sep 26 21:17:49,26 Sep 2025,Auto-save to OWealth Balance,"-1,191.00",0.00,E-Channel,ZZZZZZZZZZZZZZZ...,Zenith Bank | 3244567733 (David Smith),,
2025 Sep 26 21:48:43,26 Sep 2025,OPay Card Payment,"-1,600.00",0.00,E-Channel,ZZZZZZZZZZZZZZZ...,Access Bank | 3539729623 (Aisha Bello),,
2025 Sep 26 21:48:43,26 Sep 2025,OWealth Withdrawal(Transaction Payment),"+1,600.00","1,600.00",E-Channel,ZZZZZZZZZZZZZZZ...,Moniepoint | 9573145627 (Mary Adebayo),,
2025 Sep 27 16:14:18,27 Sep 2025,Transfer from KHIIRNAAN ELI WELL,"+5,989.88","5,989.88",E-Channel,ZZZZZZZZZZZZZZZ...,First Bank | 6017699516 (Grace Johnson),,
2025 Sep 27 16:31:49,27 Sep 2025,Transfer to Person,"-1,700.00","4,289.88",E-Channel,ZZZZZZZZZZZZZZZ...,Opay | 6830270714 (John Doe),,
2025 Sep 27 16:32:02,27 Sep 2025,Spend & Save Deposit,-170.00,"4,119.88",E-Channel,ZZZZZZZZZZZZZZZ...,Zenith Bank | 3472618767 (Emma Lee),,
2025 Sep 27 21:17:50,27 Sep 2025,Auto-save to OWealth Balance,"-4,119.88",0.00,E-Channel,ZZZZZZZZZZZZZZZ...,Opay | 6263720294 (Grace Johnson),,
2025 Sep 28 14:10:34,28 Sep 2025,Transfer to Person,"-1,800.00",0.00,E-Channel,ZZZZZZZZZZZZZZZ...,GTBank | 4026337208 (Aisha Bello),,
2025 Sep 28 14:11:13,28 Sep 2025,OWealth Withdrawal(Transaction Payment),"+1,800.00","1,800.00",E-Channel,ZZZZZZZZZZZZZZZ...,Access Bank | 3724053828 (Emma Lee),,
2025 Sep 28 14:11:14,28 Sep 2025,Spend & Save Deposit,-180.00,0.00,E-Channel,ZZZZZZZZZZZZZZZ...,Access Bank | 8851078021 (David Smith),,
2025 Sep 28 14:11:15,28 Sep 2025,OWealth Withdrawal(Transaction Payment),+180.00,180.00,E-Channel,ZZZZZZZZZZZZZZZ...,First Bank | 4674262514 (Tunde Ade),,
2025 Sep 29 13:54:16,29 Sep 2025,Transfer to Person,"-2,400.00",0.00,E-Channel,ZZZZZZZZZZZZZZZ...,First Bank | 3908072719 (Emma Lee),,
2025 Sep 29 13:54:43,29 Sep 2025,OWealth Withdrawal(Transaction Payment),"+2,400.00","2,400.00",E-Channel,ZZZZZZZZZZZZZZZ...,Zenith Bank | 2822366217 (Tunde Ade),,
2025 Sep 29 13:54:45,29 Sep 2025,OWealth Withdrawal(Transaction Payment),+240.00,240.00,E-Channel,ZZZZZZZZZZZZZZZ...,Kuda | 3998073797 (Tunde Ade),,
2025 Sep 29 13:54:45,29 Sep 2025,Spend & Save Deposit,-240.00,0.00,E-Channel,ZZZZZZZZZZZZZZZ...,Zenith Bank | 4195309206 (Tunde Ade),,
2025 Sep 29 14:16:03,29 Sep 2025,Transfer from JOSHUA OLUWADAMILARE AGBOOLA,"+3,424.00","3,424.00",E-Channel,ZZZZZZZZZZZZZZZ...,Fidelity Bank | 3316893710 (David Smith),,
2025 Sep 29 20:25:42,29 Sep 2025,Transfer to Person,-450.00,"2,974.00",E-Channel,ZZZZZZZZZZZZZZZ...,First Bank | 6643405453 (David Smith),,
2025 Sep 29 20:25:48,29 Sep 2025,Spend & Save Deposit,-45.00,"2,929.00",E-Channel,ZZZZZZZZZZZZZZZ...,First Bank | 4409236621 (Aisha Bello),,
2025 Sep 29 21:17:11,29 Sep 2025,Auto-save to OWealth Balance,"-2,929.00",0.00,E-Channel,ZZZZZZZZZZZZZZZ...,Zenith Bank | 6049954257 (Chinedu Obi),,
2025 Sep 30 06:42:24,30 Sep 2025,Transfer to Person,"-1,400.00",0.00,E-Channel,ZZZZZZZZZZZZZZZ...,First Bank | 2248794100 (John Doe),,
2025 Sep 30 06:42:29,30 Sep 2025,OWealth Withdrawal(Transaction Payment),"+1,400.00","1,400.00",E-Channel,ZZZZZZZZZZZZZZZ...,First Bank | 4566670106 (Aisha Bello),,
2025 Sep 30 06:42:30,30 Sep 2025,OWealth Withdrawal(Transaction Payment),+140.00,140.00,E-Channel,ZZZZZZZZZZZZZZZ...,Fidelity Bank | 7134887742 (John Doe),,
2025 Sep 30 06:42:30,30 Sep 2025,Spend & Save Deposit,-140.00,0.00,E-Channel,ZZZZZZZZZZZZZZZ...,GTBank | 6072935414 (David Smith),,
2025 Oct 01 07:32:39,01 Oct 2025,Airtime,-50.00,0.00,E-Channel,ZZZZZZZZZZZZZZZ...,Opay | 9859089512 (David Smith),,
2025 Oct 01 07:33:14,01 Oct 2025,OWealth Withdrawal(Transaction Payment),+50.00,50.00,E-Channel,ZZZZZZZZZZZZZZZ...,Moniepoint | 9831299915 (Mary Adebayo),,
2025 Oct 01 07:33:16,01 Oct 2025,OWealth Withdrawal(Transaction Payment),+5.00,5.00,E-Channel,ZZZZZZZZZZZZZZZ...,Access Bank | 6843916736 (David Smith),,
2025 Oct 01 07:33:16,01 Oct 2025,Spend & Save Deposit,-5.00,0.00,E-Channel,ZZZZZZZZZZZZZZZ...,Opay | 4011539917 (Emma Lee),,
2025 Oct 01 07:34:17,01 Oct 2025,Transfer from FREGENE TINA OMOYIE,"+10,000.00","10,000.00",E-Channel,ZZZZZZZZZZZZZZZ...,GTBank | 8145795275 (Chinedu Obi),,
2025 Oct 01 07:34:18,01 Oct 2025,Electronic Money Transfer Levy,-50.00,"9,950.00",E-Channel,ZZZZZZZZZZZZZZZ...,Zenith Bank | 9088604709 (Mary Adebayo),,
2025 Oct 01 13:28:22,01 Oct 2025,Electricity,"-2,500.00","7,450.00",E-Channel,ZZZZZZZZZZZZZZZ...,Moniepoint | 1827949132 (Tunde Ade),,
2025 Oct 01 13:28:32,01 Oct 2025,Spend & Save Deposit,-250.00,"7,200.00",E-Channel,ZZZZZZZZZZZZZZZ...,Kuda | 8453494460 (David Smith),,
2025 Oct 01 13:29:14,01 Oct 2025,Transfer to Person,"-2,750.00","4,450.00",E-Channel,ZZZZZZZZZZZZZZZ...,Moniepoint | 1861126901 (Tunde Ade),,
2025 Oct 01 13:29:23,01 Oct 2025,Spend & Save Deposit,-275.00,"4,175.00",E-Channel,ZZZZZZZZZZZZZZZ...,Moniepoint | 1136072932 (John Doe),,
2025 Oct 01 16:40:23,01 Oct 2025,Transfer to Person,"-6,000.00",0.00,E-Channel,ZZZZZZZZZZZZZZZ...,Kuda | 4343204444 (Grace Johnson),,
2025 Oct 01 16:40:29,01 Oct 2025,OWealth Withdrawal(Transaction Payment),"+1,825.00","6,000.00",E-Channel,ZZZZZZZZZZZZZZZ...,Opay | 6080934557 (John Doe),,
2025 Oct 01 16:40:30,01 Oct 2025,OWealth Withdrawal(Transaction Payment),+600.00,600.00,E-Channel,ZZZZZZZZZZZZZZZ...,Kuda | 9690079520 (Emma Lee),,
2025 Oct 01 16:40:30,01 Oct 2025,Spend & Save Deposit,-600.00,0.00,E-Channel,ZZZZZZZZZZZZZZZ...,Kuda | 7252021436 (Chinedu Obi),,
2025 Oct 02 05:24:16,02 Oct 2025,Transfer from FREGENE HARRY ORITSEGBUBEMI,"+15,000.00","15,000.00",E-Channel,ZZZZZZZZZZZZZZZ...,GTBank | 3870864754 (Tunde Ade),,
2025 Oct 02 05:24:18,02 Oct 2025,Electronic Money Transfer Levy,-50.00,"14,950.00",E-Channel,ZZZZZZZZZZZZZZZ...,Zenith Bank | 9864319630 (John Doe),,
2025 Oct 02 07:52:58,02 Oct 2025,Transfer to Person,"-2,100.00","12,850.00",E-Channel,ZZZZZZZZZZZZZZZ...,Fidelity Bank | 2712704413 (Grace Johnson),,
2025 Oct 02 07:53:19,02 Oct 2025,Spend & Save Deposit,-210.00,"12,640.00",E-Channel,ZZZZZZZZZZZZZZZ...,Moniepoint | 1908223646 (Grace Johnson),,
2025 Oct 02 20:45:27,02 Oct 2025,Transfer to Person,-450.00,"12,190.00",E-Channel,ZZZZZZZZZZZZZZZ...,GTBank | 5041087976 (David Smith),,
2025 Oct 02 20:45:33,02 Oct 2025,Spend & Save Deposit,-45.00,"12,145.00",E-Channel,ZZZZZZZZZZZZZZZ...,Moniepoint | 5231028605 (John Doe),,
2025 Oct 02 21:18:43,02 Oct 2025,Auto-save to OWealth Balance,"-12,145.00",0.00,E-Channel,ZZZZZZZZZZZZZZZ...,GTBank | 8773585599 (Grace Johnson),,
2025 Oct 03 17:39:58,03 Oct 2025,OWealth Withdrawal(Transaction Payment),+198.00,198.00,E-Channel,ZZZZZZZZZZZZZZZ...,Zenith Bank | 5669186653 (Emma Lee),,
2025 Oct 03 17:39:58,03 Oct 2025,SMS Subscription,-198.00,0.00,E-Channel,ZZZZZZZZZZZZZZZ...,Opay | 9978655286 (John Doe),,
2025 Oct 04 08:15:14,04 Oct 2025,Transfer to Person,"-1,800.00",0.00,E-Channel,ZZZZZZZZZZZZZZZ...,Access Bank | 4062401255 (Aisha Bello),,
2025 Oct 04 08:15:20,04 Oct 2025,OWealth Withdrawal(Transaction Payment),"+1,800.00","1,800.00",E-Channel,ZZZZZZZZZZZZZZZ...,Zenith Bank | 7918217280 (Emma Lee),,
2025 Oct 04 08:15:23,04 Oct 2025,OWealth Withdrawal(Transaction Payment),+180.00,180.00,E-Channel,ZZZZZZZZZZZZZZZ...,Opay | 2043137354 (Grace Johnson),,
2025 Oct 04 08:15:23,04 Oct 2025,Spend & Save Deposit,-180.00,0.00,E-Channel,ZZZZZZZZZZZZZZZ...,Opay | 5064764022 (Emma Lee),,
2025 Oct 04 08:15:43,04 Oct 2025,Transfer to Person,-100.00,0.00,E-Channel,ZZZZZZZZZZZZZZZ...,Fidelity Bank | 1672152688 (Chinedu Obi),,
2025 Oct 04 08:15:49,04 Oct 2025,OWealth Withdrawal(Transaction Payment),+100.00,100.00,E-Channel,ZZZZZZZZZZZZZZZ...,GTBank | 4398335206 (Grace Johnson),,
2025 Oct 04 08:15:51,04 Oct 2025,OWealth Withdrawal(Transaction Payment),+10.00,10.00,E-Channel,ZZZZZZZZZZZZZZZ...,Fidelity Bank | 7213860768 (Tunde Ade),,
2025 Oct 04 08:15:51,04 Oct 2025,Spend & Save Deposit,-10.00,0.00,E-Channel,ZZZZZZZZZZZZZZZ...,Fidelity Bank | 9110873156 (Chinedu Obi),,
2025 Oct 06 14:48:35,06 Oct 2025,Transfer to Person,"-1,000.00",0.00,E-Channel,ZZZZZZZZZZZZZZZ...,Opay | 1754729867 (Emma Lee),,
2025 Oct 06 14:48:59,06 Oct 2025,OWealth Withdrawal(Transaction Payment),"+1,000.00","1,000.00",E-Channel,ZZZZZZZZZZZZZZZ...,Opay | 5082186155 (Mary Adebayo),,
2025 Oct 06 14:49:00,06 Oct 2025,OWealth Withdrawal(Transaction Payment),+100.00,100.00,E-Channel,ZZZZZZZZZZZZZZZ...,First Bank | 1632145619 (David Smith),,
2025 Oct 06 14:49:00,06 Oct 2025,Spend & Save Deposit,-100.00,0.00,E-Channel,ZZZZZZZZZZZZZZZ...,Moniepoint | 3205612390 (Grace Johnson),,
2025 Oct 06 19:51:03,06 Oct 2025,Transfer to Person,-950.00,0.00,E-Channel,ZZZZZZZZZZZZZZZ...,Fidelity Bank | 4564684984 (Chinedu Obi),,
2025 Oct 06 19:51:08,06 Oct 2025,OWealth Withdrawal(Transaction Payment),+950.00,950.00,E-Channel,ZZZZZZZZZZZZZZZ...,Kuda | 5919879205 (Emma Lee),,
2025 Oct 06 19:51:14,06 Oct 2025,Spend & Save Deposit,-95.00,0.00,E-Channel,ZZZZZZZZZZZZZZZ...,First Bank | 5263766631 (Grace Johnson),,
2025 Oct 06 19:51:15,06 Oct 2025,OWealth Withdrawal(Transaction Payment),+95.00,95.00,E-Channel,ZZZZZZZZZZZZZZZ...,First Bank | 4877478897 (Grace Johnson),,
2025 Oct 06 23:01:43,06 Oct 2025,Mobile Data,-990.34,0.00,E-Channel,ZZZZZZZZZZZZZZZ...,Access Bank | 9540812202 (Tunde Ade),,
2025 Oct 06 23:02:01,06 Oct 2025,OWealth Withdrawal(Transaction Payment),+990.34,990.34,E-Channel,ZZZZZZZZZZZZZZZ...,GTBank | 9713650033 (Emma Lee),,
2025 Oct 06 23:02:03,06 Oct 2025,OWealth Withdrawal(Transaction Payment),+100.00,100.00,E-Channel,ZZZZZZZZZZZZZZZ...,Zenith Bank | 2466795637 (Mary Adebayo),,
2025 Oct 06 23:02:03,06 Oct 2025,Spend & Save Deposit,-100.00,0.00,E-Channel,ZZZZZZZZZZZZZZZ...,Moniepoint | 3730267053 (Aisha Bello),,
2025 Oct 07 06:40:34,07 Oct 2025,Transfer from FREGENE HARRY ORITSEGBUBEMI,"+2,200.00","2,200.00",E-Channel,ZZZZZZZZZZZZZZZ...,Kuda | 8589146647 (Emma Lee),,
2025 Oct 07 08:57:33,07 Oct 2025,Transfer from KHIIRNAAN ELI WELL,"+14,849.41","17,049.41",E-Channel,ZZZZZZZZZZZZZZZ...,Kuda | 7482981886 (Emma Lee),,
2025 Oct 07 08:57:38,07 Oct 2025,Electronic Money Transfer Levy,-50.00,"16,999.41",E-Channel,ZZZZZZZZZZZZZZZ...,Fidelity Bank | 3302944907 (Tunde Ade),,
2025 Oct 07 09:53:07,07 Oct 2025,Transfer to Person,"-5,000.00","11,999.41",E-Channel,ZZZZZZZZZZZZZZZ...,GTBank | 8294850281 (John Doe),,
2025 Oct 07 09:53:13,07 Oct 2025,Spend & Save Deposit,-500.00,"11,499.41",E-Channel,ZZZZZZZZZZZZZZZ...,Access Bank | 9552034503 (Emma Lee),,
2025 Oct 07 10:13:02,07 Oct 2025,Transfer to Person,"-10,300.00","1,199.41",E-Channel,ZZZZZZZZZZZZZZZ...,First Bank | 5168203495 (Chinedu Obi),,
2025 Oct 07 10:13:08,07 Oct 2025,Spend & Save Deposit,"-1,030.00",169.41,E-Channel,ZZZZZZZZZZZZZZZ...,GTBank | 5320460639 (John Doe),,
2025 Oct 07 12:34:46,07 Oct 2025,Transfer to Person,"-7,658.00",0.00,E-Channel,ZZZZZZZZZZZZZZZ...,Moniepoint | 3060441016 (David Smith),,
2025 Oct 07 12:34:50,07 Oct 2025,OWealth Withdrawal(Transaction Payment),"+7,488.59","7,658.00",E-Channel,ZZZZZZZZZZZZZZZ...,GTBank | 5221769886 (Tunde Ade),,
2025 Oct 07 12:34:52,07 Oct 2025,Spend & Save Deposit,-765.80,0.00,E-Channel,ZZZZZZZZZZZZZZZ...,Zenith Bank | 1586890793 (Tunde Ade),,
2025 Oct 07 12:34:53,07 Oct 2025,OWealth Withdrawal(Transaction Payment),+765.80,765.80,E-Channel,ZZZZZZZZZZZZZZZ...,GTBank | 3929472575 (Tunde Ade),,
2025 Oct 07 13:56:22,07 Oct 2025,Airtime,-500.00,0.00,E-Channel,ZZZZZZZZZZZZZZZ...,Moniepoint | 3056912356 (Aisha Bello),,
2025 Oct 07 13:56:27,07 Oct 2025,OWealth Withdrawal(Transaction Payment),+500.00,500.00,E-Channel,ZZZZZZZZZZZZZZZ...,Zenith Bank | 1386123879 (Aisha Bello),,
2025 Oct 07 13:56:29,07 Oct 2025,OWealth Withdrawal(Transaction Payment),+50.00,50.00,E-Channel,ZZZZZZZZZZZZZZZ...,Fidelity Bank | 6006558260 (David Smith),,
2025 Oct 07 13:56:29,07 Oct 2025,Spend & Save Deposit,-50.00,0.00,E-Channel,ZZZZZZZZZZZZZZZ...,Fidelity Bank | 4223626534 (Mary Adebayo),,
2025 Oct 07 14:16:56,07 Oct 2025,Transfer from FREGENE HARRY ORITSEGBUBEMI,"+25,000.00","25,000.00",E-Channel,ZZZZZZZZZZZZZZZ...,GTBank | 1575893921 (David Smith),,
2025 Oct 07 14:16:57,07 Oct 2025,Electronic Money Transfer Levy,-50.00,"24,950.00",E-Channel,ZZZZZZZZZZZZZZZ...,Moniepoint | 7194702433 (Tunde Ade),,
2025 Oct 07 14:19:24,07 Oct 2025,Transfer to Person,"-20,200.00","4,750.00",E-Channel,ZZZZZZZZZZZZZZZ...,Moniepoint | 1223827124 (Mary Adebayo),,
2025 Oct 07 14:19:33,07 Oct 2025,Spend & Save Deposit,"-2,020.00","2,730.00",E-Channel,ZZZZZZZZZZZZZZZ...,GTBank | 2535749024 (Tunde Ade),,
2025 Oct 07 16:23:32,07 Oct 2025,Transfer to Person,"-1,600.00","1,130.00",E-Channel,ZZZZZZZZZZZZZZZ...,Opay | 6525030158 (David Smith),,
2025 Oct 07 16:23:38,07 Oct 2025,Spend & Save Deposit,-160.00,970.00,E-Channel,ZZZZZZZZZZZZZZZ...,Kuda | 7706708904 (Emma Lee),,
2025 Oct 07 17:11:06,07 Oct 2025,Airtime,-200.00,770.00,E-Channel,ZZZZZZZZZZZZZZZ...,Access Bank | 1704185790 (Aisha Bello),,
2025 Oct 07 17:11:16,07 Oct 2025,Spend & Save Deposit,-20.00,750.00,E-Channel,ZZZZZZZZZZZZZZZ...,Fidelity Bank | 9851088328 (Chinedu Obi),,
2025 Oct 07 20:19:41,07 Oct 2025,Transfer to Person,-460.00,290.00,E-Channel,ZZZZZZZZZZZZZZZ...,First Bank | 9962772205 (Aisha Bello),,
2025 Oct 07 20:19:54,07 Oct 2025,Spend & Save Deposit,-45.00,245.00,E-Channel,ZZZZZZZZZZZZZZZ...,GTBank | 1399470566 (Emma Lee),,
2025 Oct 07 21:17:49,07 Oct 2025,Auto-save to OWealth Balance,-245.00,0.00,E-Channel,ZZZZZZZZZZZZZZZ...,Opay | 2361552631 (David Smith),,
2025 Oct 07 23:11:16,07 Oct 2025,Mobile Data,-600.00,0.00,E-Channel,ZZZZZZZZZZZZZZZ...,GTBank | 5073330069 (Aisha Bello),,
2025 Oct 07 23:11:20,07 Oct 2025,OWealth Withdrawal(Transaction Payment),+600.00,600.00,E-Channel,ZZZZZZZZZZZZZZZ...,Zenith Bank | 9832503789 (Grace Johnson),,
2025 Oct 07 23:11:22,07 Oct 2025,OWealth Withdrawal(Transaction Payment),+60.00,60.00,E-Channel,ZZZZZZZZZZZZZZZ...,GTBank | 1825715978 (Grace Johnson),,
2025 Oct 07 23:11:22,07 Oct 2025,Spend & Save Deposit,-60.00,0.00,E-Channel,ZZZZZZZZZZZZZZZ...,Moniepoint | 7439855156 (David Smith),,
2025 Oct 08 17:39:11,08 Oct 2025,Transfer to Person,-400.00,0.00,E-Channel,ZZZZZZZZZZZZZZZ...,GTBank | 9890169397 (Mary Adebayo),,
2025 Oct 08 17:39:16,08 Oct 2025,OWealth Withdrawal(Transaction Payment),+400.00,400.00,E-Channel,ZZZZZZZZZZZZZZZ...,Opay | 5824591547 (Tunde Ade),,
2025 Oct 08 17:39:25,08 Oct 2025,OWealth Withdrawal(Transaction Payment),+40.00,40.00,E-Channel,ZZZZZZZZZZZZZZZ...,GTBank | 2613929945 (Mary Adebayo),,
2025 Oct 08 17:39:25,08 Oct 2025,Spend & Save Deposit,-40.00,0.00,E-Channel,ZZZZZZZZZZZZZZZ...,Opay | 4905922195 (Emma Lee),,
2025 Oct 08 17:41:21,08 Oct 2025,Transfer to Person,-100.00,0.00,E-Channel,ZZZZZZZZZZZZZZZ...,Kuda | 9739551994 (Mary Adebayo),,
2025 Oct 08 17:41:27,08 Oct 2025,OWealth Withdrawal(Transaction Payment),+100.00,100.00,E-Channel,ZZZZZZZZZZZZZZZ...,First Bank | 3283746641 (John Doe),,
2025 Oct 08 17:41:37,08 Oct 2025,OWealth Withdrawal(Transaction Payment),+10.00,10.00,E-Channel,ZZZZZZZZZZZZZZZ...,Opay | 5344769004 (Tunde Ade),,
2025 Oct 08 17:41:37,08 Oct 2025,Spend & Save Deposit,-10.00,0.00,E-Channel,ZZZZZZZZZZZZZZZ...,First Bank | 1955272098 (John Doe),,
2025 Oct 08 17:53:09,08 Oct 2025,Transfer to Person,-400.00,0.00,E-Channel,ZZZZZZZZZZZZZZZ...,Moniepoint | 3176958559 (Grace Johnson),,
2025 Oct 08 17:53:14,08 Oct 2025,OWealth Withdrawal(Transaction Payment),+400.00,400.00,E-Channel,ZZZZZZZZZZZZZZZ...,Moniepoint | 3324752528 (Chinedu Obi),,
2025 Oct 08 17:53:24,08 Oct 2025,OWealth Withdrawal(Transaction Payment),+40.00,40.00,E-Channel,ZZZZZZZZZZZZZZZ...,Zenith Bank | 9234026447 (Aisha Bello),,
2025 Oct 08 17:53:24,08 Oct 2025,Spend & Save Deposit,-40.00,0.00,E-Channel,ZZZZZZZZZZZZZZZ...,Moniepoint | 8636404641 (Grace Johnson),,
2025 Oct 09 19:43:14,09 Oct 2025,Transfer to Person,"-1,000.00",0.00,E-Channel,ZZZZZZZZZZZZZZZ...,Fidelity Bank | 4710364821 (Chinedu Obi),,
2025 Oct 09 19:43:23,09 Oct 2025,OWealth Withdrawal(Transaction Payment),"+1,000.00","1,000.00",E-Channel,ZZZZZZZZZZZZZZZ...,GTBank | 4300460941 (Emma Lee),,
2025 Oct 09 19:43:31,09 Oct 2025,Spend & Save Deposit,-100.00,0.00,E-Channel,ZZZZZZZZZZZZZZZ...,Moniepoint | 8366011450 (Emma Lee),,
2025 Oct 09 19:43:32,09 Oct 2025,OWealth Withdrawal(Transaction Payment),+100.00,100.00,E-Channel,ZZZZZZZZZZZZZZZ...,Opay | 1448391510 (Chinedu Obi),,
2025 Oct 09 19:47:11,09 Oct 2025,Transfer to Person,-550.00,0.00,E-Channel,ZZZZZZZZZZZZZZZ...,Zenith Bank | 5203037738 (Emma Lee),,
2025 Oct 09 19:47:18,09 Oct 2025,OWealth Withdrawal(Transaction Payment),+550.00,550.00,E-Channel,ZZZZZZZZZZZZZZZ...,Moniepoint | 6735914958 (Mary Adebayo),,
2025 Oct 09 19:47:27,09 Oct 2025,OWealth Withdrawal(Transaction Payment),+55.00,55.00,E-Channel,ZZZZZZZZZZZZZZZ...,Fidelity Bank | 4320087136 (Emma Lee),,
2025 Oct 09 19:47:27,09 Oct 2025,Spend & Save Deposit,-55.00,0.00,E-Channel,ZZZZZZZZZZZZZZZ...,GTBank | 4813671882 (Grace Johnson),,
2025 Oct 10 18:29:23,10 Oct 2025,Transfer to Person,-550.00,0.00,E-Channel,ZZZZZZZZZZZZZZZ...,Kuda | 7229211600 (Chinedu Obi),,
2025 Oct 10 18:29:41,10 Oct 2025,OWealth Withdrawal(Transaction Payment),+550.00,550.00,E-Channel,ZZZZZZZZZZZZZZZ...,Access Bank | 7139848691 (Chinedu Obi),,
2025 Oct 10 18:29:42,10 Oct 2025,Spend & Save Deposit,-55.00,0.00,E-Channel,ZZZZZZZZZZZZZZZ...,Opay | 1148752227 (Chinedu Obi),,
2025 Oct 10 18:29:43,10 Oct 2025,OWealth Withdrawal(Transaction Payment),+55.00,55.00,E-Channel,ZZZZZZZZZZZZZZZ...,Kuda | 8552894937 (Emma Lee),,
2025 Oct 10 18:45:18,10 Oct 2025,Transfer from FREGENE HARRY ORITSEGBUBEMI,"+10,000.00","10,000.00",E-Channel,ZZZZZZZZZZZZZZZ...,GTBank | 5820836290 (David Smith),,
2025 Oct 10 18:45:20,10 Oct 2025,Electronic Money Transfer Levy,-50.00,"9,950.00",E-Channel,ZZZZZZZZZZZZZZZ...,Zenith Bank | 3514367030 (Grace Johnson),,
2025 Oct 10 21:17:20,10 Oct 2025,Auto-save to OWealth Balance,"-9,950.00",0.00,E-Channel,ZZZZZZZZZZZZZZZ...,Access Bank | 3916626556 (Grace Johnson),,
2025 Oct 11 06:30:17,11 Oct 2025,Airtime,"-5,000.00",0.00,E-Channel,ZZZZZZZZZZZZZZZ...,First Bank | 8312370340 (Chinedu Obi),,
2025 Oct 11 06:30:26,11 Oct 2025,OWealth Withdrawal(Transaction Payment),"+5,000.00","5,000.00",E-Channel,ZZZZZZZZZZZZZZZ...,Kuda | 5295717954 (Grace Johnson),,
2025 Oct 11 06:30:27,11 Oct 2025,Spend & Save Deposit,-500.00,0.00,E-Channel,ZZZZZZZZZZZZZZZ...,Fidelity Bank | 7111801778 (David Smith),,
2025 Oct 11 06:30:28,11 Oct 2025,OWealth Withdrawal(Transaction Payment),+500.00,500.00,E-Channel,ZZZZZZZZZZZZZZZ...,Kuda | 9969801633 (David Smith),,
2025 Oct 12 10:16:41,12 Oct 2025,Transfer to Person,"-1,000.00",0.00,E-Channel,ZZZZZZZZZZZZZZZ...,First Bank | 5505186810 (Chinedu Obi),,
2025 Oct 12 10:17:03,12 Oct 2025,OWealth Withdrawal(Transaction Payment),"+1,000.00","1,000.00",E-Channel,ZZZZZZZZZZZZZZZ...,Fidelity Bank | 5281033591 (Aisha Bello),,
2025 Oct 12 10:17:04,12 Oct 2025,OWealth Withdrawal(Transaction Payment),+100.00,100.00,E-Channel,ZZZZZZZZZZZZZZZ...,Zenith Bank | 7392781447 (Aisha Bello),,
2025 Oct 12 10:17:04,12 Oct 2025,Spend & Save Deposit,-100.00,0.00,E-Channel,ZZZZZZZZZZZZZZZ...,GTBank | 5024454387 (Tunde Ade),,
2025 Oct 12 10:17:22,12 Oct 2025,Transfer to Person,-100.00,0.00,E-Channel,ZZZZZZZZZZZZZZZ...,Kuda | 8968975076 (Chinedu Obi),,
2025 Oct 12 10:17:29,12 Oct 2025,OWealth Withdrawal(Transaction Payment),+100.00,100.00,E-Channel,ZZZZZZZZZZZZZZZ...,First Bank | 2191876930 (Aisha Bello),,
2025 Oct 12 10:17:30,12 Oct 2025,OWealth Withdrawal(Transaction Payment),+10.00,10.00,E-Channel,ZZZZZZZZZZZZZZZ...,Moniepoint | 3103990142 (Emma Lee),,
2025 Oct 12 10:17:30,12 Oct 2025,Spend & Save Deposit,-10.00,0.00,E-Channel,ZZZZZZZZZZZZZZZ...,Opay | 8179366196 (Aisha Bello),,
2025 Oct 12 19:42:03,12 Oct 2025,Transfer to Person,-450.00,0.00,E-Channel,ZZZZZZZZZZZZZZZ...,Kuda | 7590453551 (Emma Lee),,
2025 Oct 12 19:42:10,12 Oct 2025,OWealth Withdrawal(Transaction Payment),+450.00,450.00,E-Channel,ZZZZZZZZZZZZZZZ...,First Bank | 7001159897 (Tunde Ade),,
2025 Oct 12 19:42:11,12 Oct 2025,OWealth Withdrawal(Transaction Payment),+45.00,45.00,E-Channel,ZZZZZZZZZZZZZZZ...,Moniepoint | 8277967722 (David Smith),,
2025 Oct 12 19:42:11,12 Oct 2025,Spend & Save Deposit,-45.00,0.00,E-Channel,ZZZZZZZZZZZZZZZ...,Opay | 7075907371 (David Smith),,
2025 Oct 13 12:45:46,13 Oct 2025,Transfer to Person,"-1,500.00",0.00,E-Channel,ZZZZZZZZZZZZZZZ...,Zenith Bank | 7339253098 (Mary Adebayo),,
2025 Oct 13 12:45:52,13 Oct 2025,OWealth Withdrawal(Transaction Payment),"+1,500.00","1,500.00",E-Channel,ZZZZZZZZZZZZZZZ...,Opay | 4916539781 (Chinedu Obi),,
2025 Oct 13 12:45:52,13 Oct 2025,Spend & Save Deposit,-150.00,0.00,E-Channel,ZZZZZZZZZZZZZZZ...,Moniepoint | 6816637923 (Chinedu Obi),,
2025 Oct 13 12:45:53,13 Oct 2025,OWealth Withdrawal(Transaction Payment),+150.00,150.00,E-Channel,ZZZZZZZZZZZZZZZ...,Zenith Bank | 2263527379 (John Doe),,
2025 Oct 13 19:30:36,13 Oct 2025,Transfer to Person,-700.00,0.00,E-Channel,ZZZZZZZZZZZZZZZ...,Zenith Bank | 4649106905 (Tunde Ade),,
2025 Oct 13 19:30:44,13 Oct 2025,OWealth Withdrawal(Transaction Payment),+700.00,700.00,E-Channel,ZZZZZZZZZZZZZZZ...,Moniepoint | 5968800188 (Emma Lee),,
2025 Oct 13 19:30:52,13 Oct 2025,Spend & Save Deposit,-70.00,0.00,E-Channel,ZZZZZZZZZZZZZZZ...,Opay | 6811940432 (Mary Adebayo),,
2025 Oct 13 19:30:53,13 Oct 2025,OWealth Withdrawal(Transaction Payment),+70.00,70.00,E-Channel,ZZZZZZZZZZZZZZZ...,Kuda | 9807952065 (John Doe),,
2025 Oct 14 09:39:22,14 Oct 2025,Mobile Data,-930.00,0.00,E-Channel,ZZZZZZZZZZZZZZZ...,GTBank | 2790710679 (Aisha Bello),,
2025 Oct 14 09:39:35,14 Oct 2025,OWealth Withdrawal(Transaction Payment),+930.00,930.00,E-Channel,ZZZZZZZZZZZZZZZ...,Zenith Bank | 1579008436 (Aisha Bello),,
2025 Oct 14 09:39:37,14 Oct 2025,Spend & Save Deposit,-93.00,0.00,E-Channel,ZZZZZZZZZZZZZZZ...,Fidelity Bank | 7510190715 (Tunde Ade),,
2025 Oct 14 09:39:38,14 Oct 2025,OWealth Withdrawal(Transaction Payment),+93.00,93.00,E-Channel,ZZZZZZZZZZZZZZZ...,GTBank | 3526360388 (David Smith),,
2025 Oct 14 11:27:12,14 Oct 2025,Transfer to Person,-800.00,0.00,E-Channel,ZZZZZZZZZZZZZZZ...,First Bank | 5893945000 (Tunde Ade),,
2025 Oct 14 11:27:18,14 Oct 2025,OWealth Withdrawal(Transaction Payment),+800.00,800.00,E-Channel,ZZZZZZZZZZZZZZZ...,Moniepoint | 6412317190 (Mary Adebayo),,
2025 Oct 14 11:27:19,14 Oct 2025,OWealth Withdrawal(Transaction Payment),+80.00,80.00,E-Channel,ZZZZZZZZZZZZZZZ...,Kuda | 8472997832 (Grace Johnson),,
2025 Oct 14 11:27:19,14 Oct 2025,Spend & Save Deposit,-80.00,0.00,E-Channel,ZZZZZZZZZZZZZZZ...,Fidelity Bank | 9709374196 (Grace Johnson),,
2025 Oct 18 17:21:05,18 Oct 2025,Transfer from IFEANYI COLLINUS UKACHUKWU,"+12,482.00","12,482.00",E-Channel,ZZZZZZZZZZZZZZZ...,Zenith Bank | 7773035769 (Grace Johnson),,
2025 Oct 18 17:21:11,18 Oct 2025,Electronic Money Transfer Levy,-50.00,"12,432.00",E-Channel,ZZZZZZZZZZZZZZZ...,Access Bank | 8064564889 (David Smith),,
2025 Oct 18 17:22:16,18 Oct 2025,Transfer to Person,"-2,500.00","9,932.00",E-Channel,ZZZZZZZZZZZZZZZ...,GTBank | 3825983463 (Aisha Bello),,
2025 Oct 18 17:22:25,18 Oct 2025,Spend & Save Deposit,-250.00,"9,682.00",E-Channel,ZZZZZZZZZZZZZZZ...,Moniepoint | 4351765772 (John Doe),,
2025 Oct 18 17:24:06,18 Oct 2025,OPay Card Payment,"-3,050.00","6,632.00",E-Channel,ZZZZZZZZZZZZZZZ...,Access Bank | 3607359145 (Mary Adebayo),,
2025 Oct 18 19:54:04,18 Oct 2025,Transfer to Person,-700.00,"5,932.00",E-Channel,ZZZZZZZZZZZZZZZ...,Kuda | 2351642516 (Aisha Bello),,
2025 Oct 18 19:54:11,18 Oct 2025,Spend & Save Deposit,-70.00,"5,862.00",E-Channel,ZZZZZZZZZZZZZZZ...,Fidelity Bank | 7583629677 (Mary Adebayo),,
2025 Oct 18 21:18:09,18 Oct 2025,Auto-save to OWealth Balance,"-5,862.00",0.00,E-Channel,ZZZZZZZZZZZZZZZ...,First Bank | 6665758037 (Grace Johnson),,
2025 Oct 19 19:26:10,19 Oct 2025,Mobile Data,-500.00,0.00,E-Channel,ZZZZZZZZZZZZZZZ...,Zenith Bank | 3749155810 (Grace Johnson),,
2025 Oct 19 19:26:16,19 Oct 2025,OWealth Withdrawal(Transaction Payment),+500.00,500.00,E-Channel,ZZZZZZZZZZZZZZZ...,Zenith Bank | 3991257423 (Tunde Ade),,
2025 Oct 19 19:26:19,19 Oct 2025,OWealth Withdrawal(Transaction Payment),+50.00,50.00,E-Channel,ZZZZZZZZZZZZZZZ...,Kuda | 5561744045 (John Doe),,
2025 Oct 19 19:26:19,19 Oct 2025,Spend & Save Deposit,-50.00,0.00,E-Channel,ZZZZZZZZZZZZZZZ...,Access Bank | 1002640159 (David Smith),,
2025 Oct 20 07:59:02,20 Oct 2025,Transfer to Person,"-1,100.00",0.00,E-Channel,ZZZZZZZZZZZZZZZ...,Fidelity Bank | 1031575693 (Chinedu Obi),,
2025 Oct 20 07:59:10,20 Oct 2025,OWealth Withdrawal(Transaction Payment),"+1,100.00","1,100.00",E-Channel,ZZZZZZZZZZZZZZZ...,Moniepoint | 1519358369 (Grace Johnson),,
2025 Oct 20 07:59:11,20 Oct 2025,OWealth Withdrawal(Transaction Payment),+110.00,110.00,E-Channel,ZZZZZZZZZZZZZZZ...,First Bank | 5781459503 (Grace Johnson),,
2025 Oct 20 07:59:11,20 Oct 2025,Spend & Save Deposit,-110.00,0.00,E-Channel,ZZZZZZZZZZZZZZZ...,Access Bank | 9558543677 (Emma Lee),,
2025 Oct 20 19:14:23,20 Oct 2025,Transfer to Person,"-1,150.00",0.00,E-Channel,ZZZZZZZZZZZZZZZ...,Opay | 4421492342 (John Doe),,
2025 Oct 20 19:14:31,20 Oct 2025,OWealth Withdrawal(Transaction Payment),"+1,150.00","1,150.00",E-Channel,ZZZZZZZZZZZZZZZ...,Zenith Bank | 7184737803 (David Smith),,
2025 Oct 20 19:14:40,20 Oct 2025,Spend & Save Deposit,-115.00,0.00,E-Channel,ZZZZZZZZZZZZZZZ...,Access Bank | 8297331386 (Chinedu Obi),,
2025 Oct 20 19:14:41,20 Oct 2025,OWealth Withdrawal(Transaction Payment),+115.00,115.00,E-Channel,ZZZZZZZZZZZZZZZ...,First Bank | 9883354015 (Chinedu Obi),,
2025 Oct 20 19:57:13,20 Oct 2025,Mobile Data,-500.00,0.00,E-Channel,ZZZZZZZZZZZZZZZ...,Opay | 5329624530 (Grace Johnson),,
2025 Oct 20 19:57:20,20 Oct 2025,OWealth Withdrawal(Transaction Payment),+500.00,500.00,E-Channel,ZZZZZZZZZZZZZZZ...,GTBank | 5602276430 (Grace Johnson),,
2025 Oct 20 19:57:22,20 Oct 2025,OWealth Withdrawal(Transaction Payment),+50.00,50.00,E-Channel,ZZZZZZZZZZZZZZZ...,Access Bank | 8317070048 (Grace Johnson),,
2025 Oct 20 19:57:22,20 Oct 2025,Spend & Save Deposit,-50.00,0.00,E-Channel,ZZZZZZZZZZZZZZZ...,GTBank | 6088502426 (David Smith),,
2025 Oct 21 08:01:53,21 Oct 2025,Mobile Data,-500.00,0.00,E-Channel,ZZZZZZZZZZZZZZZ...,GTBank | 4528274290 (Mary Adebayo),,
2025 Oct 21 08:02:02,21 Oct 2025,OWealth Withdrawal(Transaction Payment),+500.00,500.00,E-Channel,ZZZZZZZZZZZZZZZ...,Moniepoint | 2971706392 (Emma Lee),,
2025 Oct 21 08:02:04,21 Oct 2025,OWealth Withdrawal(Transaction Payment),+50.00,50.00,E-Channel,ZZZZZZZZZZZZZZZ...,Fidelity Bank | 5035222283 (Chinedu Obi),,
2025 Oct 21 08:02:04,21 Oct 2025,Spend & Save Deposit,-50.00,0.00,E-Channel,ZZZZZZZZZZZZZZZ...,Zenith Bank | 8466040026 (Chinedu Obi),,
2025 Oct 21 20:04:42,21 Oct 2025,Transfer to Person,-700.00,0.00,E-Channel,ZZZZZZZZZZZZZZZ...,First Bank | 7076295191 (Emma Lee),,
2025 Oct 21 20:04:48,21 Oct 2025,OWealth Withdrawal(Transaction Payment),+700.00,700.00,E-Channel,ZZZZZZZZZZZZZZZ...,Opay | 3130164637 (Chinedu Obi),,
2025 Oct 21 20:04:50,21 Oct 2025,Spend & Save Deposit,-70.00,0.00,E-Channel,ZZZZZZZZZZZZZZZ...,Fidelity Bank | 4725836444 (Emma Lee),,
2025 Oct 21 20:04:51,21 Oct 2025,OWealth Withdrawal(Transaction Payment),+70.00,70.00,E-Channel,ZZZZZZZZZZZZZZZ...,Kuda | 6663761963 (Aisha Bello),,
2025 Oct 22 10:47:43,22 Oct 2025,Transfer to Person,-700.00,0.00,E-Channel,ZZZZZZZZZZZZZZZ...,Opay | 8468984805 (David Smith),,
2025 Oct 22 10:47:49,22 Oct 2025,OWealth Withdrawal(Transaction Payment),+700.00,700.00,E-Channel,ZZZZZZZZZZZZZZZ...,Access Bank | 2322496244 (Mary Adebayo),,
2025 Oct 22 10:47:50,22 Oct 2025,Spend & Save Deposit,-70.00,0.00,E-Channel,ZZZZZZZZZZZZZZZ...,Zenith Bank | 4090877740 (Mary Adebayo),,
2025 Oct 22 10:47:51,22 Oct 2025,OWealth Withdrawal(Transaction Payment),+70.00,70.00,E-Channel,ZZZZZZZZZZZZZZZ...,Moniepoint | 9099968541 (Mary Adebayo),,
2025 Oct 23 09:08:10,23 Oct 2025,Transfer to Person,-400.00,0.00,E-Channel,ZZZZZZZZZZZZZZZ...,GTBank | 7220035475 (Emma Lee),,
2025 Oct 23 09:09:47,23 Oct 2025,OWealth Withdrawal(Transaction Payment),+400.00,400.00,E-Channel,ZZZZZZZZZZZZZZZ...,Access Bank | 6331382375 (Grace Johnson),,
2025 Oct 23 09:09:48,23 Oct 2025,OWealth Withdrawal(Transaction Payment),+40.00,40.00,E-Channel,ZZZZZZZZZZZZZZZ...,Kuda | 9629150958 (Mary Adebayo),,
2025 Oct 23 09:09:48,23 Oct 2025,Spend & Save Deposit,-40.00,0.00,E-Channel,ZZZZZZZZZZZZZZZ...,GTBank | 5938592066 (Grace Johnson),,
2025 Oct 23 09:40:16,23 Oct 2025,OWealth Withdrawal(Transaction Payment),+858.40,858.40,E-Channel,ZZZZZZZZZZZZZZZ...,Moniepoint | 4125613572 (Aisha Bello),,
2025 Oct 23 09:40:02,23 Oct 2025,Mobile Data,-858.40,0.00,E-Channel,ZZZZZZZZZZZZZZZ...,Access Bank | 1736890838 (David Smith),,
